parent	child
h00282	h00000
h00013	h00001
h00038	h00002
h00260	h00002
h00139	h00003
h00151	h00003
h00391	h00003
h00404	h00004
h00110	h00005
h00183	h00005
h00394	h00006
h00250	h00007
h00362	h00008
h00167	h00009
h00383	h00010
h00410	h00011
h00145	h00012
h00164	h00014
h00252	h00014
h00360	h00014
h00361	h00015
h00169	h00016
h00407	h00017
h00164	h00018
h00409	h00018
h00408	h00019
h00406	h00020
h00264	h00021
h00272	h00021
h00400	h00022
h00236	h00023
h00409	h00024
h00109	h00025
h00409	h00026
h00327	h00027
h00398	h00027
h00368	h00028
h00163	h00029
h00408	h00029
h00320	h00030
h00263	h00031
h00243	h00032
h00229	h00033
h00241	h00033
h00396	h00034
h00210	h00035
h00090	h00036
h00374	h00037
h00206	h00038
h00287	h00039
h00265	h00040
h00362	h00040
h00370	h00041
h00278	h00042
h00210	h00043
h00319	h00043
h00339	h00043
h00371	h00044
h00382	h00045
h00146	h00046
h00365	h00047
h00390	h00047
h00111	h00048
h00246	h00049
h00304	h00050
h00298	h00051
h00242	h00052
h00260	h00052
h00286	h00053
h00189	h00054
h00223	h00055
h00276	h00057
h00299	h00057
h00176	h00058
h00270	h00059
h00181	h00060
h00403	h00060
h00313	h00061
h00220	h00062
h00329	h00062
h00275	h00063
h00390	h00063
h00168	h00064
h00330	h00064
h00165	h00065
h00247	h00066
h00256	h00067
h00261	h00067
h00295	h00068
h00408	h00068
h00253	h00069
h00262	h00071
h00288	h00071
h00215	h00072
h00303	h00072
h00205	h00073
h00281	h00073
h00369	h00074
h00297	h00075
h00397	h00075
h00318	h00076
h00362	h00076
h00215	h00077
h00230	h00078
h00289	h00079
h00367	h00079
h00329	h00080
h00139	h00081
h00245	h00081
h00269	h00081
h00268	h00082
h00284	h00082
h00403	h00083
h00313	h00084
h00315	h00085
h00410	h00086
h00220	h00087
h00360	h00087
h00206	h00088
h00309	h00088
h00325	h00089
h00304	h00090
h00184	h00091
h00350	h00091
h00167	h00092
h00322	h00093
h00258	h00094
h00311	h00096
h00254	h00097
h00274	h00098
h00280	h00099
h00360	h00100
h00334	h00101
h00404	h00101
h00251	h00102
h00251	h00103
h00223	h00104
h00394	h00104
h00271	h00105
h00363	h00106
h00304	h00107
h00273	h00108
h00293	h00109
h00356	h00110
h00378	h00110
h00313	h00111
h00260	h00112
h00393	h00113
h00350	h00114
h00302	h00115
h00319	h00116
h00339	h00116
h00245	h00117
h00373	h00118
h00404	h00118
h00301	h00119
h00323	h00120
h00203	h00121
h00305	h00121
h00296	h00122
h00190	h00123
h00236	h00124
h00254	h00125
h00229	h00126
h00329	h00126
h00327	h00127
h00307	h00128
h00306	h00129
h00332	h00129
h00258	h00130
h00281	h00131
h00383	h00132
h00363	h00133
h00397	h00134
h00363	h00135
h00316	h00136
h00241	h00137
h00392	h00138
h00409	h00139
h00253	h00140
h00242	h00141
h00233	h00142
h00268	h00143
h00239	h00144
h00214	h00145
h00300	h00145
h00370	h00146
h00306	h00147
h00310	h00147
h00275	h00148
h00342	h00148
h00344	h00149
h00231	h00150
h00346	h00150
h00256	h00151
h00347	h00152
h00252	h00153
h00310	h00153
h00235	h00154
h00267	h00155
h00362	h00156
h00262	h00157
h00314	h00158
h00222	h00159
h00273	h00160
h00274	h00161
h00244	h00162
h00317	h00163
h00243	h00165
h00261	h00165
h00263	h00166
h00356	h00166
h00269	h00167
h00361	h00167
h00373	h00169
h00351	h00170
h00300	h00171
h00319	h00172
h00327	h00173
h00288	h00174
h00357	h00174
h00289	h00175
h00387	h00176
h00351	h00177
h00280	h00178
h00382	h00178
h00338	h00179
h00296	h00180
h00294	h00181
h00271	h00182
h00370	h00183
h00409	h00184
h00391	h00185
h00326	h00186
h00336	h00186
h00292	h00187
h00265	h00188
h00293	h00189
h00316	h00190
h00305	h00191
h00374	h00192
h00331	h00193
h00270	h00194
h00314	h00195
h00295	h00196
h00401	h00196
h00259	h00197
h00284	h00198
h00307	h00199
h00276	h00200
h00375	h00200
h00290	h00201
h00343	h00202
h00409	h00203
h00278	h00204
h00404	h00205
h00301	h00207
h00331	h00208
h00264	h00209
h00302	h00209
h00402	h00210
h00326	h00211
h00333	h00211
h00266	h00212
h00320	h00213
h00371	h00214
h00391	h00215
h00297	h00216
h00337	h00216
h00345	h00216
h00299	h00217
h00353	h00217
h00286	h00218
h00292	h00219
h00406	h00220
h00333	h00221
h00279	h00222
h00317	h00223
h00282	h00224
h00287	h00225
h00341	h00225
h00404	h00225
h00311	h00226
h00323	h00227
h00324	h00228
h00406	h00229
h00290	h00230
h00393	h00231
h00321	h00232
h00294	h00233
h00320	h00234
h00380	h00235
h00332	h00236
h00312	h00237
h00309	h00238
h00298	h00239
h00392	h00239
h00359	h00240
h00362	h00240
h00360	h00241
h00355	h00242
h00372	h00243
h00303	h00244
h00339	h00244
h00337	h00245
h00409	h00245
h00348	h00246
h00348	h00247
h00353	h00248
h00328	h00249
h00383	h00250
h00315	h00251
h00406	h00252
h00325	h00253
h00404	h00253
h00338	h00254
h00373	h00255
h00349	h00256
h00322	h00257
h00354	h00258
h00401	h00258
h00394	h00259
h00352	h00260
h00372	h00261
h00335	h00262
h00341	h00263
h00405	h00263
h00408	h00264
h00318	h00265
h00336	h00266
h00391	h00267
h00340	h00268
h00410	h00268
h00409	h00269
h00352	h00270
h00371	h00271
h00343	h00272
h00358	h00273
h00365	h00274
h00410	h00276
h00348	h00277
h00402	h00278
h00363	h00279
h00392	h00280
h00374	h00281
h00368	h00282
h00365	h00283
h00390	h00283
h00340	h00284
h00375	h00284
h00349	h00285
h00350	h00286
h00366	h00287
h00367	h00287
h00335	h00288
h00405	h00289
h00330	h00290
h00377	h00291
h00364	h00292
h00351	h00293
h00334	h00294
h00345	h00294
h00342	h00295
h00358	h00296
h00401	h00298
h00408	h00298
h00386	h00299
h00371	h00300
h00374	h00301
h00354	h00302
h00369	h00303
h00364	h00304
h00366	h00305
h00409	h00305
h00388	h00306
h00375	h00307
h00357	h00308
h00355	h00309
h00406	h00310
h00406	h00311
h00368	h00312
h00387	h00313
h00346	h00314
h00376	h00315
h00344	h00316
h00402	h00317
h00359	h00318
h00391	h00319
h00356	h00320
h00378	h00320
h00373	h00321
h00404	h00321
h00347	h00322
h00406	h00323
h00370	h00324
h00407	h00325
h00395	h00326
h00361	h00327
h00394	h00327
h00389	h00328
h00406	h00329
h00381	h00330
h00378	h00331
h00379	h00332
h00395	h00333
h00407	h00335
h00395	h00336
h00379	h00338
h00369	h00339
h00367	h00341
h00384	h00342
h00376	h00343
h00386	h00344
h00393	h00346
h00377	h00347
h00400	h00348
h00372	h00349
h00402	h00350
h00381	h00351
h00385	h00352
h00386	h00353
h00408	h00354
h00396	h00355
h00399	h00356
h00385	h00357
h00404	h00357
h00384	h00358
h00401	h00358
h00395	h00359
h00406	h00360
h00409	h00361
h00395	h00362
h00383	h00363
h00380	h00364
h00406	h00365
h00387	h00368
h00391	h00369
h00382	h00370
h00390	h00371
h00397	h00372
h00407	h00373
h00397	h00374
h00389	h00375
h00393	h00376
h00409	h00377
h00408	h00378
h00388	h00379
h00398	h00380
h00394	h00381
h00392	h00382
h00398	h00383
h00409	h00384
h00407	h00385
h00396	h00386
h00403	h00387
h00406	h00388
h00410	h00389
h00406	h00390
h00402	h00391
h00401	h00392
h00408	h00392
h00399	h00393
h00400	h00394
h00405	h00395
h00407	h00396
h00404	h00397
h00403	h00398
h00405	h00399
h00409	h00400
h00409	h00402
h00409	h00403
h00407	h00404
h00408	h00405
h00410	h00406
h00410	h00407
