source	child_id	parent_id
reactome	P0225	P0292
reactome	P0191	P0199
reactome	P0161	P0065
reactome	P0217	P0124
reactome	P0098	P0248
reactome	P0234	P0372
reactome	P0063	P0418
reactome	P0070	P0243
reactome	P0083	P0114
reactome	P0022	P0066
reactome	P0304	P0400
reactome	P0395	P0288
reactome	P0429	P0385
reactome	P0250	P0423
reactome	P0032	P0174
reactome	P0003	P0219
reactome	P0286	P0231
reactome	P0333	P0143
reactome	P0168	P0102
reactome	P0165	P0197
reactome	P0207	P0379
reactome	P0373	P0047
reactome	P0400	P0401
reactome	P0211	P0037
reactome	P0244	P0125
reactome	P0241	P0044
reactome	P0016	P0222
reactome	P0300	P0103
reactome	P0196	P0285
reactome	P0354	P0028
reactome	P0322	P0367
reactome	P0183	P0230
reactome	P0075	P0413
reactome	P0435	P0175
reactome	P0382	P0315
reactome	P0280	P0309
reactome	P0383	P0359
reactome	P0251	P0105
reactome	P0205	P0109
reactome	P0331	P0081
reactome	P0314	P0274
reactome	P0305	P0242
reactome	P0079	P0088
reactome	P0235	P0151
reactome	P0259	P0303
reactome	P0405	P0093
reactome	P0017	P0094
reactome	P0169	P0260
reactome	P0127	P0064
reactome	P0269	P0324
reactome	P0353	P0057
reactome	P0326	P0236
reactome	P0224	P0028
reactome	P0352	P0056
reactome	P0202	P0261
reactome	P0336	P0068
reactome	P0027	P0192
reactome	P0173	P0420
reactome	P0394	P0012
reactome	P0281	P0078
reactome	P0273	P0263
reactome	P0422	P0252
reactome	P0007	P0409
reactome	P0141	P0268
reactome	P0135	P0047
reactome	P0404	P0254
reactome	P0320	P0154
reactome	P0386	P0223
reactome	P0052	P0116
reactome	P0295	P0147
reactome	P0031	P0104
reactome	P0357	P0312
reactome	P0366	P0099
reactome	P0042	P0343
reactome	P0307	P0341
reactome	P0324	P0056
reactome	P0122	P0194
reactome	P0160	P0428
reactome	P0275	P0285
reactome	P0170	P0010
reactome	P0329	P0316
reactome	P0133	P0210
reactome	P0430	P0167
reactome	P0059	P0024
reactome	P0308	P0282
reactome	P0338	P0289
reactome	P0021	P0137
reactome	P0131	P0370
reactome	P0091	P0119
reactome	P0276	P0033
reactome	P0170	P0050
reactome	P0198	P0179
reactome	P0046	P0378
reactome	P0136	P0033
reactome	P0279	P0302
reactome	P0279	P0061
reactome	P0171	P0002
reactome	P0140	P0328
reactome	P0313	P0080
reactome	P0291	P0085
go	P0417	P0215
go	P0115	P0157
go	P0238	P0229
go	P0145	P0121
go	P0381	P0325
go	P0139	P0335
go	P0296	P0332
go	P0043	P0246
go	P0365	P0204
go	P0426	P0408
go	P0071	P0182
go	P0218	P0129
go	P0227	P0084
go	P0377	P0396
go	P0148	P0077
go	P0101	P0403
go	P0247	P0364
go	P0020	P0318
go	P0340	P0398
go	P0001	P0249
go	P0425	P0082
go	P0216	P0018
go	P0153	P0407
go	P0410	P0149
go	P0412	P0346
go	P0014	P0030
go	P0041	P0026
go	P0054	P0162
go	P0185	P0166
go	P0351	P0358
go	P0108	P0128
go	P0390	P0203
go	P0048	P0073
go	P0265	P0181
go	P0337	P0399
go	P0299	P0271
go	P0432	P0011
go	P0297	P0411
go	P0339	P0256
go	P0188	P0237
go	P0176	P0255
go	P0245	P0035
go	P0144	P0267
go	P0272	P0433
go	P0356	P0009
go	P0362	P0266
go	P0076	P0019
go	P0347	P0096
go	P0345	P0164
go	P0284	P0163
go	P0221	P0206
go	P0067	P0317
go	P0126	P0376
go	P0013	P0368
go	P0287	P0363
go	P0062	P0319
go	P0159	P0053
go	P0036	P0293
go	P0138	P0186
go	P0361	P0311
go	P0344	P0100
go	P0195	P0155
go	P0277	P0156
go	P0350	P0253
go	P0112	P0045
go	P0301	P0278
go	P0184	P0388
go	P0330	P0189
go	P0008	P0107
go	P0201	P0025
go	P0000	P0055
go	P0158	P0023
go	P0038	P0298
go	P0090	P0180
go	P0402	P0262
go	P0045	P0072
go	P0290	P0015
go	P0152	P0049
go	P0233	P0392
go	P0178	P0034
go	P0118	P0415
go	P0146	P0264
go	P0342	P0368
go	P0214	P0172
go	P0310	P0177
go	P0134	P0258
go	P0212	P0397
go	P0371	P0323
go	P0110	P0058
go	P0226	P0327
go	P0123	P0257
go	P0391	P0004
go	P0039	P0384
go	P0374	P0424
go	P0095	P0014
go	P0436	P0240
go	P0294	P0299
go	P0120	P0406
go	P0427	P0005
go	P0117	P0232
