node	key	source	name	n_genes	inclusion
n0000	reactome:R-HSA-9733458	reactome	Induction of Cell-Cell Fusion	13	0.4848
n0000	reactome:R-HSA-9918481	reactome	Dengue Virus-Host Interactions	257	0.4848
n0000	go:GO:0016032	go	viral process	374	0.4839
n0000	reactome:R-HSA-192823	reactome	Viral mRNA Translation	90	0.4706
n0000	reactome:R-HSA-176033	reactome	Interactions of Vpr with host cellular proteins	37	0.4688
n0000	reactome:R-HSA-9026286	reactome	Biosynthesis of DPAn-3-derived protectins and resolvins	2	0.4545
n0000	reactome:R-HSA-9683683	reactome	Maturation of protein E	4	0.4516
n0000	reactome:R-HSA-9820965	reactome	Respiratory syncytial virus (RSV) genome replication, transcription and translation	17	0.4412
n0000	reactome:R-HSA-180910	reactome	Vpr-mediated nuclear import of PICs	34	0.4375
n0000	reactome:R-HSA-167246	reactome	Tat-mediated elongation of the HIV-1 transcript	43	0.4231
n0000	reactome:R-HSA-9820962	reactome	Assembly and release of respiratory syncytial virus (RSV) virions	2	0.4118
n0000	reactome:R-HSA-168333	reactome	NEP/NS2 Interacts with the Cellular Export Machinery	32	0.4062
n0000	go:GO:0075525	go	viral translational termination-reinitiation	5	0.4000
n0000	reactome:R-HSA-9025094	reactome	Biosynthesis of DPAn-3 SPMs	4	0.4000
n0000	reactome:R-HSA-9679191	reactome	Potential therapeutics for SARS	161	0.4000
n0000	go:GO:0006954	go	inflammatory response	998	0.3750
n0000	reactome:R-HSA-9018681	reactome	Biosynthesis of protectins	4	0.3714
n0000	reactome:R-HSA-9679509	reactome	Virion Assembly and Release	0	0.3667
n0000	reactome:R-HSA-9018678	reactome	Biosynthesis of specialized proresolving mediators (SPMs)	19	0.3548
n0000	go:GO:0033088	go	negative regulation of immature T cell proliferation in thymus	5	0.3333
n0000	go:GO:1902170	go	cellular response to reactive nitrogen species	18	0.3214
n0000	reactome:R-HSA-9026290	reactome	Biosynthesis of DPAn-3-derived maresins	2	0.3103
n0000	go:GO:0040011	go	locomotion	1379	0.2857
n0000	go:GO:0141214	go	positive regulation of phospholipase C/protein kinase C signal transduction	5	0.2647
n0000	go:GO:1904999	go	positive regulation of leukocyte adhesion to arterial endothelial cell	5	0.2581
n0000	go:GO:0002318	go	myeloid progenitor cell differentiation	8	0.2500
n0001	go:GO:0097696	go	cell surface receptor signaling pathway via STAT	177	0.4889
n0001	go:GO:1902170	go	cellular response to reactive nitrogen species	18	0.4400
n0001	go:GO:0046425	go	regulation of receptor signaling pathway via JAK-STAT	86	0.4198
n0001	go:GO:0060340	go	positive regulation of type I interferon-mediated signaling pathway	20	0.4058
n0001	reactome:R-HSA-1169408	reactome	ISG15 antiviral mechanism	74	0.3933
n0001	go:GO:0032688	go	negative regulation of interferon-beta production	17	0.3827
n0001	go:GO:0035458	go	cellular response to interferon-beta	30	0.3810
n0001	reactome:R-HSA-9026286	reactome	Biosynthesis of DPAn-3-derived protectins and resolvins	2	0.3797
n0001	go:GO:0034342	go	response to type III interferon	11	0.3780
n0001	hallmark:HALLMARK_INTERFERON_ALPHA_RESPONSE	hallmark	HALLMARK_INTERFERON_ALPHA_RESPONSE	97	0.3780
n0001	reactome:R-HSA-912694	reactome	Regulation of IFNA/IFNB signaling	25	0.3659
n0001	go:GO:0060338	go	regulation of type I interferon-mediated signaling pathway	45	0.3563
n0001	go:GO:0043922	go	host-mediated suppression of viral transcription	13	0.3562
n0001	go:GO:0032606	go	type I interferon production	141	0.3506
n0001	reactome:R-HSA-1606341	reactome	IRF3 mediated activation of type 1 IFN	5	0.3500
n0001	reactome:R-HSA-9018678	reactome	Biosynthesis of specialized proresolving mediators (SPMs)	19	0.3333
n0001	reactome:R-HSA-9018681	reactome	Biosynthesis of protectins	4	0.3333
n0001	go:GO:0006954	go	inflammatory response	998	0.3293
n0001	reactome:R-HSA-1169410	reactome	Antimicrobial mechanism of IFN-stimulated genes	219	0.3289
n0001	go:GO:1900246	go	positive regulation of RIG-I signaling pathway	11	0.3247
n0001	go:GO:1904999	go	positive regulation of leukocyte adhesion to arterial endothelial cell	5	0.3210
n0001	reactome:R-HSA-9025094	reactome	Biosynthesis of DPAn-3 SPMs	4	0.3108
n0001	reactome:R-HSA-9026290	reactome	Biosynthesis of DPAn-3-derived maresins	2	0.2805
n0001	go:GO:0141214	go	positive regulation of phospholipase C/protein kinase C signal transduction	5	0.2692
n0001	go:GO:0033088	go	negative regulation of immature T cell proliferation in thymus	5	0.2593
n0001	go:GO:0019079	go	viral genome replication	116	0.2564
n0002	reactome:R-HSA-936964	reactome	Activation of IRF3, IRF7 mediated by TBK1, IKKε (IKBKE)	18	0.4714
n0002	go:GO:0034138	go	toll-like receptor 3 signaling pathway	25	0.4035
n0002	hallmark:HALLMARK_INTERFERON_GAMMA_RESPONSE	hallmark	HALLMARK_INTERFERON_GAMMA_RESPONSE	200	0.3770
n0002	go:GO:0060332	go	positive regulation of response to type II interferon	6	0.3692
n0002	reactome:R-HSA-9013973	reactome	TICAM1-dependent activation of IRF3/IRF7	13	0.3651
n0002	go:GO:0060330	go	regulation of response to type II interferon	15	0.3623
n0002	go:GO:0032689	go	negative regulation of type II interferon production	46	0.3182
n0002	go:GO:0140894	go	endolysosomal toll-like receptor signaling pathway	50	0.3077
n0002	go:GO:0032729	go	positive regulation of type II interferon production	90	0.3051
n0003	reactome:R-HSA-190861	reactome	Gap junction assembly	38	0.4423
n0003	reactome:R-HSA-190840	reactome	Microtubule-dependent trafficking of connexons from Golgi to the plasma membrane	20	0.4340
n0003	reactome:R-HSA-397014	reactome	Muscle contraction	204	0.2642
n0003	go:GO:0043267	go	negative regulation of potassium ion transport	32	0.2586
n0004	go:GO:0098971	go	anterograde dendritic transport of neurotransmitter receptor complex	7	0.2500
n0005	reactome:R-HSA-8952158	reactome	RUNX3 regulates BCL2L11 (BIM) transcription	5	0.3000
n0007	go:GO:0034138	go	toll-like receptor 3 signaling pathway	25	0.4889
n0007	reactome:R-HSA-9013973	reactome	TICAM1-dependent activation of IRF3/IRF7	13	0.4565
n0007	go:GO:0140894	go	endolysosomal toll-like receptor signaling pathway	50	0.3774
n0007	reactome:R-HSA-1679131	reactome	Trafficking and processing of endosomal TLR	13	0.3409
n0009	go:GO:0045837	go	negative regulation of membrane potential	13	0.4894
n0009	go:GO:0006119	go	oxidative phosphorylation	149	0.3019
n0010	reactome:R-HSA-5578775	reactome	Ion homeostasis	54	0.4561
n0010	go:GO:0031099	go	regeneration	185	0.4000
n0010	btm:M34	btm	cytoskeletal remodeling (enriched for SRF targets)	10	0.3158
n0010	go:GO:0070296	go	sarcoplasmic reticulum calcium ion transport	51	0.2742
n0011	go:GO:2000772	go	regulation of cellular senescence	55	0.4600
n0011	go:GO:0090402	go	oncogene-induced cell senescence	6	0.4286
n0011	reactome:R-HSA-2559583	reactome	Cellular Senescence	166	0.4286
n0011	reactome:R-HSA-2559584	reactome	Formation of Senescence-Associated Heterochromatin Foci (SAHF)	17	0.3462
n0011	reactome:R-HSA-8952158	reactome	RUNX3 regulates BCL2L11 (BIM) transcription	5	0.2593
n0012	reactome:R-HSA-1299287	reactome	Tandem pore domain halothane-inhibited K+ channel (THIK)	1	0.4545
n0012	go:GO:0051051	go	negative regulation of transport	455	0.3750
n0012	go:GO:0043267	go	negative regulation of potassium ion transport	32	0.3704
n0012	go:GO:0034766	go	negative regulation of monoatomic ion transmembrane transport	82	0.3043
n0012	go:GO:0015701	go	bicarbonate transport	33	0.2917
n0013	go:GO:0051932	go	synaptic transmission, GABAergic	64	0.2836
n0013	go:GO:0035249	go	synaptic transmission, glutamatergic	110	0.2687
n0014	go:GO:0007600	go	sensory perception	1030	0.4035
n0014	reactome:R-HSA-9709957	reactome	Sensory Perception	638	0.2800
n0015	go:GO:0009142	go	nucleoside triphosphate biosynthetic process	130	0.4462
n0015	go:GO:0070213	go	protein auto-ADP-ribosylation	12	0.4242
n0015	go:GO:0030809	go	negative regulation of nucleotide biosynthetic process	5	0.2903
n0017	go:GO:0061029	go	eyelid development in camera-type eye	14	0.4783
n0017	go:GO:0002074	go	extraocular skeletal muscle development	5	0.2917
n0017	go:GO:0051606	go	detection of stimulus	700	0.2800
n0019	go:GO:0014744	go	positive regulation of muscle adaptation	13	0.4800
n0019	go:GO:0003299	go	muscle hypertrophy in response to stress	33	0.4074
n0019	go:GO:1902080	go	regulation of calcium ion import into sarcoplasmic reticulum	5	0.3750
n0019	go:GO:1901078	go	negative regulation of relaxation of muscle	8	0.3600
n0019	go:GO:0045988	go	negative regulation of striated muscle contraction	10	0.3333
n0019	go:GO:0030048	go	actin filament-based movement	147	0.3077
n0020	reactome:R-HSA-1299287	reactome	Tandem pore domain halothane-inhibited K+ channel (THIK)	1	0.4048
n0020	go:GO:0043267	go	negative regulation of potassium ion transport	32	0.3043
n0020	go:GO:0051051	go	negative regulation of transport	455	0.2917
n0021	go:GO:0043267	go	negative regulation of potassium ion transport	32	0.3065
n0022	go:GO:0101024	go	mitotic nuclear membrane organization	10	0.4444
n0022	go:GO:1902410	go	mitotic cytokinetic process	39	0.3600
n0023	go:GO:0021610	go	facial nerve morphogenesis	11	0.4133
n0023	go:GO:0060324	go	face development	54	0.3768
n0023	go:GO:0071863	go	regulation of cell proliferation in bone marrow	8	0.3043
n0025	go:GO:0090521	go	podocyte cell migration	7	0.2875
n0027	reactome:R-HSA-5579021	reactome	Defective CYP21A2 causes AH3	1	0.4839
n0030	go:GO:0000012	go	single strand break repair	14	0.2500
n0031	go:GO:0007056	go	spindle assembly involved in female meiosis	13	0.4737
n0032	reactome:R-HSA-9860276	reactome	SLC15A4:TASL-dependent IRF5 activation	6	0.3429
n0032	go:GO:0019079	go	viral genome replication	116	0.3030
n0033	reactome:R-HSA-5619110	reactome	Defective SLCO1B1 causes hyperbilirubinemia, Rotor type (HBLRR)	1	0.3692
n0035	reactome:R-HSA-112307	reactome	Transmission across Electrical Synapses	5	0.3467
n0035	go:GO:0016264	go	gap junction assembly	18	0.2958
n0036	reactome:R-HSA-8952158	reactome	RUNX3 regulates BCL2L11 (BIM) transcription	5	0.3151
n0036	go:GO:0048873	go	homeostasis of number of cells within a tissue	42	0.2676
n0037	reactome:R-HSA-1679131	reactome	Trafficking and processing of endosomal TLR	13	0.4545
n0037	go:GO:0019079	go	viral genome replication	116	0.2800
n0038	reactome:R-HSA-5578775	reactome	Ion homeostasis	54	0.4921
n0038	go:GO:0070296	go	sarcoplasmic reticulum calcium ion transport	51	0.3333
n0039	go:GO:1904673	go	negative regulation of somatic stem cell population maintenance	5	0.4167
n0041	go:GO:0007005	go	mitochondrion organization	420	0.3425
n0043	go:GO:0051053	go	negative regulation of DNA metabolic process	138	0.3889
n0044	go:GO:0033209	go	tumor necrosis factor-mediated signaling pathway	133	0.4571
n0044	reactome:R-HSA-5626978	reactome	TNFR1-mediated ceramide production	6	0.4000
n0044	reactome:R-HSA-75893	reactome	TNF signaling	57	0.3889
n0044	hallmark:HALLMARK_TNFA_SIGNALING_VIA_NFKB	hallmark	HALLMARK_TNFA_SIGNALING_VIA_NFKB	200	0.3077
n0044	reactome:R-HSA-1280215	reactome	Cytokine Signaling in Immune system	828	0.2571
n0045	reactome:R-HSA-8873719	reactome	RAB geranylgeranylation	65	0.4583
n0045	reactome:R-HSA-8852276	reactome	The role of GTSE1 in G2/M progression after G2 checkpoint	66	0.4000
n0045	reactome:R-HSA-9630222	reactome	Defective NTHL1 substrate binding	1	0.3939
n0049	go:GO:0072025	go	distal convoluted tubule development	5	0.4744
n0049	go:GO:0072103	go	glomerulus vasculature morphogenesis	6	0.4000
n0049	go:GO:0090192	go	regulation of glomerulus development	6	0.3418
n0050	go:GO:0071863	go	regulation of cell proliferation in bone marrow	8	0.2581
n0051	reactome:R-HSA-5578775	reactome	Ion homeostasis	54	0.3333
n0052	go:GO:0007192	go	adenylate cyclase-activating serotonin receptor signaling pathway	5	0.4583
n0052	go:GO:0031000	go	response to caffeine	16	0.3750
n0052	go:GO:0019236	go	response to pheromone	9	0.3333
n0052	go:GO:0044065	go	regulation of respiratory system process	16	0.3200
n0052	go:GO:0007187	go	G protein-coupled receptor signaling pathway, coupled to cyclic nucleotide second messenger	56	0.2917
n0053	go:GO:0000731	go	DNA synthesis involved in DNA repair	18	0.4571
n0057	go:GO:0006614	go	SRP-dependent cotranslational protein targeting to membrane	25	0.4189
n0057	go:GO:0006617	go	SRP-dependent cotranslational protein targeting to membrane, signal sequence recognition	15	0.3816
n0057	reactome:R-HSA-1799339	reactome	SRP-dependent cotranslational protein targeting to membrane	111	0.3699
n0057	go:GO:0006613	go	cotranslational protein targeting to membrane	30	0.2754
n0058	hallmark:HALLMARK_BILE_ACID_METABOLISM	hallmark	HALLMARK_BILE_ACID_METABOLISM	112	0.4688
n0058	go:GO:0120188	go	regulation of bile acid secretion	5	0.2683
n0059	go:GO:0034379	go	very-low-density lipoprotein particle assembly	12	0.3231
n0059	go:GO:0090208	go	positive regulation of triglyceride metabolic process	24	0.2535
n0060	go:GO:0022602	go	ovulation cycle process	49	0.4706
n0060	go:GO:0046697	go	decidualization	25	0.4211
n0060	go:GO:0060033	go	anatomical structure regression	16	0.3171
n0061	go:GO:0071529	go	cementum mineralization	5	0.3929
n0061	go:GO:0070170	go	regulation of tooth mineralization	12	0.3333
n0061	go:GO:0071863	go	regulation of cell proliferation in bone marrow	8	0.3269
n0061	go:GO:0097186	go	amelogenesis	26	0.3103
n0061	go:GO:1901329	go	regulation of odontoblast differentiation	11	0.2982
n0063	go:GO:0001945	go	lymph vessel development	31	0.3457
n0064	reactome:R-HSA-5579021	reactome	Defective CYP21A2 causes AH3	1	0.4930
n0064	reactome:R-HSA-5579017	reactome	Defective CYP11B1 causes AH4	1	0.3043
n0065	reactome:R-HSA-201556	reactome	Signaling by ALK	30	0.4400
n0065	reactome:R-HSA-2565942	reactome	Regulation of PLK1 Activity at G2/M Transition	87	0.3793
n0065	reactome:R-HSA-156711	reactome	Polo-like kinase mediated events	16	0.2963
n0067	go:GO:0003093	go	regulation of glomerular filtration	10	0.4390
n0067	go:GO:0072179	go	nephric duct formation	5	0.4118
n0067	go:GO:0072205	go	metanephric collecting duct development	10	0.3559
n0067	go:GO:0072025	go	distal convoluted tubule development	5	0.3148
n0067	go:GO:0072044	go	collecting duct development	15	0.2745
n0067	go:GO:0072017	go	distal tubule development	12	0.2500
n0068	go:GO:0043922	go	host-mediated suppression of viral transcription	13	0.4930
n0068	go:GO:0045069	go	regulation of viral genome replication	79	0.4872
n0068	go:GO:0019079	go	viral genome replication	116	0.3600
n0068	go:GO:0044793	go	host-mediated suppression of viral proces	16	0.3462
n0069	go:GO:0170062	go	nutrient storage	103	0.4375
n0069	go:GO:0046462	go	monoacylglycerol metabolic process	15	0.3765
n0069	go:GO:0035442	go	dipeptide transmembrane transport	8	0.3544
n0070	reactome:R-HSA-8956319	reactome	Nucleotide catabolism	35	0.4865
n0070	go:GO:0009142	go	nucleoside triphosphate biosynthetic process	130	0.4500
n0071	go:GO:0072359	go	circulatory system development	1278	0.3571
n0071	go:GO:0060977	go	coronary vasculature morphogenesis	17	0.2615
n0072	go:GO:0021766	go	hippocampus development	97	0.3214
n0073	go:GO:0051606	go	detection of stimulus	700	0.4937
n0073	go:GO:0007600	go	sensory perception	1030	0.3780
n0073	reactome:R-HSA-9709957	reactome	Sensory Perception	638	0.2838
n0074	go:GO:0007005	go	mitochondrion organization	420	0.2740
n0075	go:GO:0002637	go	regulation of immunoglobulin production	80	0.3636
n0075	go:GO:0002579	go	positive regulation of antigen processing and presentation	10	0.3235
n0075	go:GO:0002922	go	positive regulation of humoral immune response	23	0.2727
n0075	btm:M118.1	btm	enriched in monocytes (surface)	17	0.2667
n0076	reactome:R-HSA-8964540	reactome	Alanine metabolism	2	0.4314
n0078	go:GO:1902230	go	negative regulation of intrinsic apoptotic signaling pathway in response to DNA damage	31	0.4000
n0078	reactome:R-HSA-114294	reactome	Activation, translocation and oligomerization of BAX	2	0.3382
n0078	reactome:R-HSA-111453	reactome	BH3-only proteins associate with and inactivate anti-apoptotic BCL-2 members	9	0.3194
n0078	reactome:R-HSA-8952158	reactome	RUNX3 regulates BCL2L11 (BIM) transcription	5	0.2568
n0079	go:GO:0010763	go	positive regulation of fibroblast migration	15	0.4000
n0079	go:GO:0045109	go	intermediate filament organization	75	0.4000
n0079	reactome:R-HSA-2024096	reactome	HS-GAG degradation	20	0.2727
n0080	reactome:R-HSA-8952158	reactome	RUNX3 regulates BCL2L11 (BIM) transcription	5	0.3125
n0081	reactome:R-HSA-451306	reactome	Ionotropic activity of kainate receptors	10	0.4605
n0082	go:GO:0031099	go	regeneration	185	0.3820
n0082	btm:M34	btm	cytoskeletal remodeling (enriched for SRF targets)	10	0.3108
n0083	go:GO:0070296	go	sarcoplasmic reticulum calcium ion transport	51	0.3333
n0083	go:GO:0106057	go	negative regulation of calcineurin-mediated signaling	15	0.3026
n0084	reactome:R-HSA-9855142	reactome	Cellular responses to mechanical stimuli	103	0.3684
n0084	go:GO:0001696	go	gastric acid secretion	14	0.2727
n0084	go:GO:0070254	go	mucus secretion	18	0.2615
n0085	reactome:R-HSA-9648025	reactome	EML4 and NUDC in mitotic spindle formation	117	0.3333
n0085	reactome:R-HSA-380259	reactome	Loss of Nlp from mitotic centrosomes	69	0.2727
n0086	go:GO:0007168	go	receptor guanylyl cyclase signaling pathway	18	0.4048
n0087	reactome:R-HSA-912446	reactome	Meiotic recombination	57	0.3488
n0088	go:GO:0019835	go	cytolysis	11	0.3636
n0089	reactome:R-HSA-456926	reactome	Thrombin signalling through proteinase activated receptors (PARs)	32	0.4750
n0089	go:GO:0010544	go	negative regulation of platelet activation	18	0.4684
n0089	reactome:R-HSA-5173214	reactome	O-glycosylation of TSR domain-containing proteins	39	0.2667
n0090	reactome:R-HSA-379716	reactome	Cytosolic tRNA aminoacylation	24	0.3000
n0091	go:GO:0000731	go	DNA synthesis involved in DNA repair	18	0.3750
n0091	reactome:R-HSA-73980	reactome	RNA Polymerase III Transcription Termination	23	0.3111
n0094	go:GO:0044065	go	regulation of respiratory system process	16	0.4062
n0094	go:GO:0048013	go	ephrin receptor signaling pathway	53	0.2857
n0095	reactome:R-HSA-8852405	reactome	Signaling by MST1	5	0.4203
n0095	go:GO:0071888	go	macrophage apoptotic process	13	0.2941
n0095	btm:M118.0	btm	enriched in monocytes (IV)	57	0.2923
n0097	go:GO:0045345	go	positive regulation of MHC class I biosynthetic process	6	0.3600
n0097	go:GO:0033034	go	positive regulation of myeloid cell apoptotic process	9	0.3103
n0097	go:GO:0002753	go	cytoplasmic pattern recognition receptor signaling pathway	199	0.2917
n0097	go:GO:0071888	go	macrophage apoptotic process	13	0.2692
n0098	go:GO:0141214	go	positive regulation of phospholipase C/protein kinase C signal transduction	5	0.4242
n0098	reactome:R-HSA-4717374	reactome	Defective DPM1 causes DPM1-CDG	3	0.3438
n0098	reactome:R-HSA-4755609	reactome	Defective DHDDS causes RP59	2	0.3333
n0098	reactome:R-HSA-162699	reactome	Synthesis of dolichyl-phosphate mannose	3	0.2903
n0099	reactome:R-HSA-8952158	reactome	RUNX3 regulates BCL2L11 (BIM) transcription	5	0.3617
n0099	go:GO:0048873	go	homeostasis of number of cells within a tissue	42	0.2667
n0101	go:GO:0035787	go	cell migration involved in kidney development	5	0.3226
n0102	go:GO:0071787	go	endoplasmic reticulum tubular network formation	6	0.3636
n0102	go:GO:0061709	go	reticulophagy	26	0.3333
n0103	reactome:R-HSA-9860276	reactome	SLC15A4:TASL-dependent IRF5 activation	6	0.3671
n0103	go:GO:0019079	go	viral genome replication	116	0.3590
n0103	reactome:R-HSA-936964	reactome	Activation of IRF3, IRF7 mediated by TBK1, IKKε (IKBKE)	18	0.2921
n0104	go:GO:0033762	go	response to glucagon	30	0.2840
n0104	reactome:R-HSA-400508	reactome	Incretin synthesis, secretion, and inactivation	24	0.2727
n0105	go:GO:0043335	go	protein unfolding	13	0.3939
n0105	go:GO:0072319	go	vesicle uncoating	7	0.3803
n0105	go:GO:0044351	go	macropinocytosis	11	0.3571
n0105	go:GO:0006457	go	protein folding	235	0.2857
n0105	reactome:R-HSA-391251	reactome	Protein folding	98	0.2609
n0106	go:GO:0034379	go	very-low-density lipoprotein particle assembly	12	0.3077
n0107	go:GO:0035313	go	wound healing, spreading of epidermal cells	27	0.4407
n0107	reactome:R-HSA-5579005	reactome	Defective CYP4F22 causes ARCI5	1	0.3016
n0109	go:GO:0072584	go	caveolin-mediated endocytosis	12	0.4815
n0109	go:GO:0010743	go	regulation of macrophage derived foam cell differentiation	35	0.4615
n0109	reactome:R-HSA-1483076	reactome	Synthesis of CL	1	0.4583
n0110	go:GO:0001945	go	lymph vessel development	31	0.2667
n0111	reactome:R-HSA-9918443	reactome	Defective visual phototransduction due to OPN1SW loss of function	1	0.2812
n0111	go:GO:0021610	go	facial nerve morphogenesis	11	0.2727
n0112	go:GO:1904995	go	negative regulation of leukocyte adhesion to vascular endothelial cell	13	0.4643
n0112	btm:M51	btm	cell adhesion	38	0.3684
n0112	go:GO:0007155	go	cell adhesion	1578	0.3455
n0112	go:GO:0098609	go	cell-cell adhesion	1018	0.2982
n0114	go:GO:0010565	go	regulation of ketone metabolic process	153	0.3400
n0114	go:GO:1901655	go	cellular response to ketone	114	0.3333
n0114	go:GO:1901654	go	response to ketone	222	0.3269
n0114	reactome:R-HSA-9615017	reactome	FOXO-mediated transcription of oxidative stress, metabolic and neuronal genes	30	0.3000
n0114	go:GO:0071396	go	cellular response to lipid	685	0.2857
n0115	go:GO:0048003	go	antigen processing and presentation of lipid antigen via MHC class Ib	8	0.4333
n0115	go:GO:0002637	go	regulation of immunoglobulin production	80	0.4194
n0115	go:GO:0042102	go	positive regulation of T cell proliferation	108	0.3000
n0116	reactome:R-HSA-9764260	reactome	Regulation of Expression and Function of Type II Classical Cadherins	33	0.4694
n0116	reactome:R-HSA-9762293	reactome	Regulation of CDH11 gene transcription	10	0.3750
n0119	reactome:R-HSA-9013425	reactome	RHOT1 GTPase cycle	5	0.4177
n0120	go:GO:0043084	go	penile erection	5	0.4615
n0120	go:GO:0007620	go	copulation	17	0.4231
n0120	go:GO:0022602	go	ovulation cycle process	49	0.2692
n0121	reactome:R-HSA-8948216	reactome	Collagen chain trimerization	44	0.4474
n0121	go:GO:0046348	go	amino sugar catabolic process	13	0.3421
n0122	go:GO:0070291	go	N-acylethanolamine metabolic process	5	0.4884
n0122	go:GO:1901502	go	ether catabolic process	5	0.3409
n0122	go:GO:1901503	go	ether biosynthetic process	13	0.2600
n0123	go:GO:0070427	go	nucleotide-binding oligomerization domain containing 1 signaling pathway	8	0.3448
n0123	go:GO:0070424	go	regulation of nucleotide-binding domain, leucine rich repeat containing receptor signaling pathway	15	0.3438
n0123	go:GO:1902170	go	cellular response to reactive nitrogen species	18	0.2581
n0124	go:GO:0048284	go	organelle fusion	184	0.3718
n0124	go:GO:0043001	go	Golgi to plasma membrane protein transport	45	0.2692
n0124	reactome:R-HSA-6811434	reactome	COPI-dependent Golgi-to-ER retrograde traffic	101	0.2568
n0125	go:GO:0051932	go	synaptic transmission, GABAergic	64	0.3117
n0125	go:GO:0035249	go	synaptic transmission, glutamatergic	110	0.2875
n0125	go:GO:1902683	go	regulation of receptor localization to synapse	31	0.2500
n0126	go:GO:0045837	go	negative regulation of membrane potential	13	0.4186
n0126	reactome:R-HSA-9013425	reactome	RHOT1 GTPase cycle	5	0.3404
n0127	go:GO:0036265	go	RNA (guanine-N7)-methylation	7	0.2973
n0127	hallmark:HALLMARK_MYC_TARGETS_V1	hallmark	HALLMARK_MYC_TARGETS_V1	200	0.2955
n0128	go:GO:1901078	go	negative regulation of relaxation of muscle	8	0.4568
n0128	go:GO:0003299	go	muscle hypertrophy in response to stress	33	0.3735
n0128	go:GO:0014744	go	positive regulation of muscle adaptation	13	0.3600
n0128	go:GO:1902080	go	regulation of calcium ion import into sarcoplasmic reticulum	5	0.3529
n0128	go:GO:0045988	go	negative regulation of striated muscle contraction	10	0.3333
n0129	reactome:R-HSA-5578775	reactome	Ion homeostasis	54	0.4762
n0129	go:GO:0033275	go	actin-myosin filament sliding	19	0.3824
n0129	go:GO:0070296	go	sarcoplasmic reticulum calcium ion transport	51	0.3256
n0129	go:GO:0046716	go	muscle cell cellular homeostasis	21	0.2927
n0130	reactome:R-HSA-456926	reactome	Thrombin signalling through proteinase activated receptors (PARs)	32	0.4595
n0132	reactome:R-HSA-114294	reactome	Activation, translocation and oligomerization of BAX	2	0.4722
n0132	go:GO:1902230	go	negative regulation of intrinsic apoptotic signaling pathway in response to DNA damage	31	0.3548
n0134	reactome:R-HSA-8873719	reactome	RAB geranylgeranylation	65	0.4932
n0134	reactome:R-HSA-5666185	reactome	RHO GTPases Activate Rhotekin and Rhophilins	9	0.4054
n0134	reactome:R-HSA-8852276	reactome	The role of GTSE1 in G2/M progression after G2 checkpoint	66	0.3947
n0135	go:GO:0035886	go	vascular associated smooth muscle cell differentiation	42	0.3467
n0135	go:GO:0003100	go	regulation of systemic arterial blood pressure by endothelin	6	0.3000
n0137	go:GO:0061763	go	multivesicular body-lysosome fusion	12	0.3158
n0137	reactome:R-HSA-1660510	reactome	PIPs transport between Golgi and plasma membranes	0	0.2703
n0138	reactome:R-HSA-9664873	reactome	Pexophagy	11	0.4865
n0138	reactome:R-HSA-9033241	reactome	Peroxisomal protein import	63	0.2941
n0140	go:GO:0035787	go	cell migration involved in kidney development	5	0.3947
n0140	go:GO:1904673	go	negative regulation of somatic stem cell population maintenance	5	0.3836
n0142	reactome:R-HSA-2024101	reactome	CS/DS degradation	20	0.4444
n0142	go:GO:1903054	go	negative regulation of extracellular matrix organization	27	0.4324
n0142	reactome:R-HSA-1566977	reactome	Fibronectin matrix formation	20	0.3529
n0143	reactome:R-HSA-9623433	reactome	NR1H2 & NR1H3 regulate gene expression to control bile acid homeostasis	9	0.3378
n0143	reactome:R-HSA-211976	reactome	Endogenous sterols	26	0.2875
n0144	go:GO:0010523	go	negative regulation of calcium ion transport into cytosol	5	0.2500
n0145	go:GO:0032332	go	positive regulation of chondrocyte differentiation	21	0.4054
n0145	go:GO:0071529	go	cementum mineralization	5	0.3514
n0145	go:GO:0002063	go	chondrocyte development	35	0.3457
n0145	go:GO:0060350	go	endochondral bone morphogenesis	63	0.3200
n0145	go:GO:0060536	go	cartilage morphogenesis	12	0.3151
n0145	go:GO:0070170	go	regulation of tooth mineralization	12	0.3014
n0145	go:GO:0097186	go	amelogenesis	26	0.2740
n0145	go:GO:0071863	go	regulation of cell proliferation in bone marrow	8	0.2639
n0145	go:GO:1901329	go	regulation of odontoblast differentiation	11	0.2568
n0147	go:GO:0110088	go	hippocampal neuron apoptotic process	6	0.3529
n0148	go:GO:0048871	go	multicellular organismal-level homeostasis	920	0.2821
n0148	go:GO:0051454	go	intracellular pH elevation	8	0.2558
n0149	go:GO:0071495	go	cellular response to endogenous stimulus	1364	0.4643
n0149	go:GO:0046425	go	regulation of receptor signaling pathway via JAK-STAT	86	0.4355
n0149	go:GO:0097696	go	cell surface receptor signaling pathway via STAT	177	0.3478
n0149	go:GO:0060391	go	positive regulation of SMAD protein signal transduction	42	0.3000
n0149	go:GO:0060390	go	regulation of SMAD protein signal transduction	84	0.2581
n0150	hallmark:HALLMARK_TNFA_SIGNALING_VIA_NFKB	hallmark	HALLMARK_TNFA_SIGNALING_VIA_NFKB	200	0.4762
n0150	go:GO:0033209	go	tumor necrosis factor-mediated signaling pathway	133	0.3750
n0150	reactome:R-HSA-5626978	reactome	TNFR1-mediated ceramide production	6	0.3385
n0150	go:GO:1902170	go	cellular response to reactive nitrogen species	18	0.2903
n0151	go:GO:0040001	go	establishment of mitotic spindle localization	40	0.4839
n0151	go:GO:1904776	go	regulation of protein localization to cell cortex	8	0.4828
n0151	go:GO:0061339	go	establishment or maintenance of monopolar cell polarity	25	0.4375
n0152	reactome:R-HSA-5619111	reactome	Defective SLC20A2 causes idiopathic basal ganglia calcification 1 (IBGC1)	1	0.2571
n0153	reactome:R-HSA-2408550	reactome	Metabolism of ingested H2SeO4 and H2SeO3 into H2Se	4	0.3548
n0153	reactome:R-HSA-189483	reactome	Heme degradation	15	0.2500
n0154	reactome:R-HSA-9755088	reactome	Ribavirin ADME	11	0.4286
n0154	go:GO:0043173	go	nucleotide salvage	26	0.3415
n0155	go:GO:1903726	go	negative regulation of phospholipid metabolic process	7	0.4839
n0155	reactome:R-HSA-5683678	reactome	Defective ABCA3 causes SMDP3	1	0.3571
n0156	reactome:R-HSA-9953078	reactome	MPS II - Hunter syndrome (CS/DS degradation)	1	0.4130
n0156	reactome:R-HSA-9953080	reactome	MPS VII - Sly syndrome (CS/DS degradation)	1	0.3542
n0159	go:GO:0046883	go	regulation of hormone secretion	263	0.2955
n0160	btm:M130	btm	enriched in G-protein coupled receptors	10	0.2857
n0160	go:GO:0097646	go	calcitonin family receptor signaling pathway	12	0.2667
n0161	reactome:R-HSA-5576893	reactome	Phase 2 - plateau phase	15	0.4559
n0161	go:GO:0099623	go	regulation of cardiac muscle cell membrane repolarization	30	0.4125
n0161	go:GO:0060307	go	regulation of ventricular cardiac muscle cell membrane repolarization	25	0.4026
n0161	go:GO:0086066	go	atrial cardiac muscle cell to AV node cell communication	19	0.3951
n0161	reactome:R-HSA-5576894	reactome	Phase 1 - inactivation of fast Na+ channels	7	0.3797
n0161	go:GO:0086067	go	AV node cell to bundle of His cell communication	14	0.3514
n0161	go:GO:0060081	go	membrane hyperpolarization	13	0.2836
n0162	reactome:R-HSA-8932505	reactome	DAG1 core M3 glycosylations	6	0.4000
n0162	reactome:R-HSA-70171	reactome	Glycolysis	73	0.3636
n0162	hallmark:HALLMARK_GLYCOLYSIS	hallmark	HALLMARK_GLYCOLYSIS	200	0.3415
n0163	go:GO:0033591	go	response to L-ascorbic acid	5	0.3385
n0164	go:GO:0003184	go	pulmonary valve morphogenesis	20	0.3467
n0164	go:GO:0060039	go	pericardium development	18	0.2568
n0164	go:GO:0072359	go	circulatory system development	1278	0.2535
n0165	reactome:R-HSA-8952158	reactome	RUNX3 regulates BCL2L11 (BIM) transcription	5	0.3846
n0165	reactome:R-HSA-9616222	reactome	Transcriptional regulation of granulopoiesis	58	0.2963
n0165	reactome:R-HSA-9673766	reactome	Signaling by cytosolic PDGFRA and PDGFRB fusion proteins	3	0.2963
n0168	go:GO:0007056	go	spindle assembly involved in female meiosis	13	0.4783
n0168	go:GO:0044725	go	epigenetic programming in the zygotic pronuclei	15	0.4286
n0168	go:GO:2000242	go	negative regulation of reproductive process	69	0.2963
n0168	go:GO:0046697	go	decidualization	25	0.2571
n0170	go:GO:0000012	go	single strand break repair	14	0.3472
n0170	reactome:R-HSA-9636003	reactome	NEIL3-mediated resolution of ICLs	1	0.2500
n0171	go:GO:0097150	go	neuronal stem cell population maintenance	23	0.3585
n0171	go:GO:0048013	go	ephrin receptor signaling pathway	53	0.3220
n0171	reactome:R-HSA-9768759	reactome	Regulation of NPAS4 gene expression	13	0.2931
n0171	go:GO:0044065	go	regulation of respiratory system process	16	0.2679
n0172	reactome:R-HSA-9664424	reactome	Cell recruitment (pro-inflammatory response)	26	0.2895
n0172	go:GO:0032741	go	positive regulation of interleukin-18 production	9	0.2667
n0173	reactome:R-HSA-453279	reactome	Mitotic G1 phase and G1/S transition	139	0.4412
n0173	reactome:R-HSA-174143	reactome	APC/C-mediated degradation of cell cycle proteins	75	0.3151
n0173	reactome:R-HSA-69236	reactome	G1 Phase	47	0.3143
n0173	reactome:R-HSA-453276	reactome	Regulation of mitotic cell cycle	75	0.2917
n0174	go:GO:0038172	go	interleukin-33-mediated signaling pathway	8	0.2979
n0174	go:GO:0038154	go	interleukin-11-mediated signaling pathway	7	0.2857
n0176	go:GO:0031124	go	mRNA 3'-end processing	51	0.3548
n0176	reactome:R-HSA-72187	reactome	mRNA 3'-end processing	152	0.3226
n0176	go:GO:0031442	go	positive regulation of mRNA 3'-end processing	5	0.2857
n0177	go:GO:2001186	go	negative regulation of CD8-positive, alpha-beta T cell activation	8	0.3333
n0177	go:GO:2000328	go	regulation of T-helper 17 cell lineage commitment	15	0.3143
n0177	go:GO:0035710	go	CD4-positive, alpha-beta T cell activation	143	0.2794
n0177	go:GO:0070235	go	regulation of activation-induced cell death of T cells	5	0.2740
n0179	reactome:R-HSA-9664565	reactome	Signaling by ERBB2 KD Mutants	25	0.3750
n0179	reactome:R-HSA-1227986	reactome	Signaling by ERBB2	50	0.3699
n0179	reactome:R-HSA-9665233	reactome	Resistance of ERBB2 KD mutants to trastuzumab	4	0.3485
n0181	go:GO:0072319	go	vesicle uncoating	7	0.2941
n0181	go:GO:0043335	go	protein unfolding	13	0.2500
n0183	go:GO:0009408	go	response to heat	104	0.2759
n0184	go:GO:0032693	go	negative regulation of interleukin-10 production	25	0.4776
n0184	go:GO:0032625	go	interleukin-21 production	7	0.3846
n0184	go:GO:0032717	go	negative regulation of interleukin-8 production	37	0.3770
n0184	btm:M24	btm	cell activation (IL15, IL23, TNF)	15	0.3333
n0185	reactome:R-HSA-9646399	reactome	Aggrephagy	44	0.4545
n0185	go:GO:0035617	go	cytoplasmic stress granule disassembly	7	0.3553
n0185	go:GO:0035973	go	aggrephagy	18	0.3000
n0186	reactome:R-HSA-451306	reactome	Ionotropic activity of kainate receptors	10	0.4079
n0186	go:GO:0097112	go	gamma-aminobutyric acid receptor clustering	5	0.2917
n0187	reactome:R-HSA-2142845	reactome	Hyaluronan metabolism	20	0.3281
n0187	reactome:R-HSA-2022923	reactome	DS-GAG biosynthesis	12	0.2903
n0187	reactome:R-HSA-3560782	reactome	Diseases associated with glycosaminoglycan metabolism	41	0.2742
n0187	go:GO:0050654	go	chondroitin sulfate proteoglycan metabolic process	38	0.2500
n0189	go:GO:0051606	go	detection of stimulus	700	0.3929
n0189	go:GO:0070254	go	mucus secretion	18	0.3158
n0189	go:GO:0001696	go	gastric acid secretion	14	0.3019
n0190	go:GO:0043490	go	malate-aspartate shuttle	9	0.3333
n0190	reactome:R-HSA-9856872	reactome	Malate-aspartate shuttle	9	0.3091
n0190	reactome:R-HSA-1592230	reactome	Mitochondrial biogenesis	95	0.2830
n0192	reactome:R-HSA-111995	reactome	phospho-PLA2 pathway	2	0.4667
n0192	go:GO:0019370	go	leukotriene biosynthetic process	23	0.4643
n0192	go:GO:0070291	go	N-acylethanolamine metabolic process	5	0.3750
n0192	go:GO:1905952	go	regulation of lipid localization	181	0.2609
n0193	go:GO:0009156	go	ribonucleoside monophosphate biosynthetic process	35	0.3333
n0193	reactome:R-HSA-2393930	reactome	Phosphate bond hydrolysis by NUDT proteins	7	0.3030
n0193	go:GO:0009159	go	deoxyribonucleoside monophosphate catabolic process	17	0.2581
n0196	go:GO:0003206	go	cardiac chamber morphogenesis	132	0.4048
n0196	go:GO:0007507	go	heart development	631	0.4024
n0196	go:GO:0003007	go	heart morphogenesis	275	0.3690
n0197	go:GO:0002692	go	negative regulation of cellular extravasation	9	0.4444
n0197	btm:M39	btm	integrin mediated leukocyte migration	10	0.4062
n0197	go:GO:0002523	go	leukocyte migration involved in inflammatory response	19	0.3793
n0197	reactome:R-HSA-9855142	reactome	Cellular responses to mechanical stimuli	103	0.2571
n0200	go:GO:0001561	go	fatty acid alpha-oxidation	7	0.3247
n0201	go:GO:0034091	go	regulation of maintenance of sister chromatid cohesion	9	0.3824
n0201	go:GO:0034093	go	positive regulation of maintenance of sister chromatid cohesion	6	0.3667
n0201	go:GO:0034086	go	maintenance of sister chromatid cohesion	13	0.3030
n0201	go:GO:0070601	go	centromeric sister chromatid cohesion	14	0.2941
n0202	hallmark:HALLMARK_ADIPOGENESIS	hallmark	HALLMARK_ADIPOGENESIS	200	0.4242
n0202	go:GO:0045600	go	positive regulation of fat cell differentiation	74	0.3611
n0202	go:GO:1904179	go	positive regulation of adipose tissue development	13	0.3143
n0202	reactome:R-HSA-9843745	reactome	Adipogenesis	109	0.2857
n0203	reactome:R-HSA-5579017	reactome	Defective CYP11B1 causes AH4	1	0.3768
n0203	go:GO:0033143	go	regulation of intracellular steroid hormone receptor signaling pathway	82	0.3750
n0203	go:GO:0033144	go	negative regulation of intracellular steroid hormone receptor signaling pathway	42	0.2763
n0205	reactome:R-HSA-8964540	reactome	Alanine metabolism	2	0.3125
n0205	go:GO:0140009	go	L-aspartate import across plasma membrane	6	0.2976
n0206	go:GO:0071887	go	leukocyte apoptotic process	116	0.4634
n0206	go:GO:0045341	go	MHC class I biosynthetic process	8	0.2750
n0207	go:GO:0042996	go	regulation of Golgi to plasma membrane protein transport	13	0.4000
n0207	go:GO:0048308	go	organelle inheritance	16	0.2623
n0207	go:GO:0043001	go	Golgi to plasma membrane protein transport	45	0.2581
n0208	go:GO:0098609	go	cell-cell adhesion	1018	0.4085
n0208	reactome:R-HSA-9766229	reactome	Degradation of CDH1	54	0.3538
n0208	go:GO:0007155	go	cell adhesion	1578	0.3529
n0208	reactome:R-HSA-9764265	reactome	Regulation of CDH1 Expression and Function	176	0.3284
n0208	btm:M51	btm	cell adhesion	38	0.3239
n0208	reactome:R-HSA-9764260	reactome	Regulation of Expression and Function of Type II Classical Cadherins	33	0.2877
n0208	reactome:R-HSA-9764562	reactome	Regulation of CDH1 mRNA translation by microRNAs	15	0.2714
n0209	go:GO:1902230	go	negative regulation of intrinsic apoptotic signaling pathway in response to DNA damage	31	0.3968
n0209	reactome:R-HSA-114294	reactome	Activation, translocation and oligomerization of BAX	2	0.3913
n0209	reactome:R-HSA-5357769	reactome	Caspase activation via extrinsic apoptotic signalling pathway	26	0.3649
n0209	reactome:R-HSA-111453	reactome	BH3-only proteins associate with and inactivate anti-apoptotic BCL-2 members	9	0.3380
n0209	go:GO:2001238	go	positive regulation of extrinsic apoptotic signaling pathway	58	0.3067
n0209	reactome:R-HSA-8952158	reactome	RUNX3 regulates BCL2L11 (BIM) transcription	5	0.2838
n0209	reactome:R-HSA-5218900	reactome	CASP8 activity is inhibited	11	0.2597
n0210	reactome:R-HSA-8948216	reactome	Collagen chain trimerization	44	0.4306
n0210	reactome:R-HSA-4085001	reactome	Sialic acid metabolism	33	0.4247
n0210	go:GO:0019262	go	N-acetylneuraminate catabolic process	6	0.3544
n0211	go:GO:0098953	go	receptor diffusion trapping	12	0.4737
n0211	go:GO:1990926	go	short-term synaptic potentiation	5	0.3836
n0211	go:GO:0051964	go	negative regulation of synapse assembly	10	0.3623
n0211	go:GO:0090394	go	negative regulation of excitatory postsynaptic potential	14	0.2597
n0212	reactome:R-HSA-9673768	reactome	Signaling by membrane-tethered fusions of PDGFRA or PDGFRB	5	0.4615
n0212	reactome:R-HSA-9673766	reactome	Signaling by cytosolic PDGFRA and PDGFRB fusion proteins	3	0.3750
n0212	reactome:R-HSA-9944997	reactome	Loss of Function of KMT2D in MLL4 Complex Formation in Kabuki Syndrome	5	0.3667
n0214	btm:M249	btm	TBA	10	0.4773
n0215	go:GO:1905563	go	negative regulation of vascular endothelial cell proliferation	25	0.3690
n0215	go:GO:0001937	go	negative regulation of endothelial cell proliferation	79	0.3684
n0215	go:GO:0030948	go	negative regulation of vascular endothelial growth factor receptor signaling pathway	12	0.3590
n0215	go:GO:0045603	go	positive regulation of endothelial cell differentiation	19	0.3514
n0215	go:GO:0060837	go	blood vessel endothelial cell differentiation	12	0.2676
n0217	go:GO:0035313	go	wound healing, spreading of epidermal cells	27	0.4286
n0217	go:GO:0010668	go	ectodermal cell differentiation	8	0.3750
n0217	reactome:R-HSA-5579005	reactome	Defective CYP4F22 causes ARCI5	1	0.3288
n0217	go:GO:0022404	go	molting cycle process	101	0.2973
n0217	go:GO:0042640	go	anagen	5	0.2667
n0218	go:GO:2000675	go	negative regulation of type B pancreatic cell apoptotic process	7	0.2903
n0218	go:GO:0050796	go	regulation of insulin secretion	167	0.2581
n0218	go:GO:0044342	go	type B pancreatic cell proliferation	21	0.2500
n0218	hallmark:HALLMARK_PANCREAS_BETA_CELLS	hallmark	HALLMARK_PANCREAS_BETA_CELLS	40	0.2500
n0220	reactome:R-HSA-8963888	reactome	Chylomicron assembly	10	0.4375
n0220	go:GO:0034378	go	chylomicron assembly	6	0.2653
n0221	go:GO:0048873	go	homeostasis of number of cells within a tissue	42	0.4366
n0221	reactome:R-HSA-8952158	reactome	RUNX3 regulates BCL2L11 (BIM) transcription	5	0.2778
n0222	reactome:R-HSA-525793	reactome	Myogenesis	29	0.2911
n0222	go:GO:0014905	go	myoblast fusion involved in skeletal muscle regeneration	5	0.2840
n0223	go:GO:0010728	go	regulation of hydrogen peroxide biosynthetic process	7	0.2500
n0225	reactome:R-HSA-427975	reactome	Proton/oligopeptide cotransporters	3	0.4839
n0225	go:GO:0030300	go	regulation of intestinal cholesterol absorption	10	0.4833
n0225	reactome:R-HSA-8935690	reactome	Digestion	23	0.4776
n0225	reactome:R-HSA-192456	reactome	Digestion of dietary lipid	7	0.3810
n0225	go:GO:0035442	go	dipeptide transmembrane transport	8	0.3443
n0226	go:GO:0051461	go	positive regulation of corticotropin secretion	5	0.3803
n0226	go:GO:2000831	go	regulation of steroid hormone secretion	25	0.2535
n0227	go:GO:0036269	go	swimming behavior	5	0.2727
n0229	go:GO:0046130	go	purine ribonucleoside catabolic process	6	0.3333
n0229	go:GO:0009176	go	pyrimidine deoxyribonucleoside monophosphate metabolic process	13	0.2500
n0232	reactome:R-HSA-392023	reactome	Adrenaline signalling through Alpha-2 adrenergic receptor	3	0.4722
n0232	go:GO:0071880	go	adenylate cyclase-activating adrenergic receptor signaling pathway	20	0.4217
n0232	go:GO:0007187	go	G protein-coupled receptor signaling pathway, coupled to cyclic nucleotide second messenger	56	0.2740
n0233	go:GO:0006936	go	muscle contraction	421	0.4308
n0233	reactome:R-HSA-418359	reactome	Reduction of cytosolic Ca++ levels	12	0.3548
n0233	go:GO:0006941	go	striated muscle contraction	253	0.3485
n0233	go:GO:0051284	go	obsolete positive regulation of sequestering of calcium ion	8	0.2812
n0233	go:GO:0006937	go	regulation of muscle contraction	187	0.2581
n0234	go:GO:0009994	go	oocyte differentiation	66	0.4857
n0234	go:GO:0022602	go	ovulation cycle process	49	0.4286
n0234	hallmark:HALLMARK_SPERMATOGENESIS	hallmark	HALLMARK_SPERMATOGENESIS	135	0.3803
n0234	go:GO:0040020	go	regulation of meiotic nuclear division	36	0.2586
n0235	reactome:R-HSA-397014	reactome	Muscle contraction	204	0.3902
n0235	go:GO:0003299	go	muscle hypertrophy in response to stress	33	0.2558
n0236	go:GO:0072025	go	distal convoluted tubule development	5	0.3571
n0236	go:GO:0072017	go	distal tubule development	12	0.3548
n0237	reactome:R-HSA-9855142	reactome	Cellular responses to mechanical stimuli	103	0.3871
n0238	go:GO:0002922	go	positive regulation of humoral immune response	23	0.3448
n0239	go:GO:0010544	go	negative regulation of platelet activation	18	0.4342
n0239	go:GO:0070493	go	thrombin-activated receptor signaling pathway	13	0.4231
n0239	reactome:R-HSA-9769735	reactome	Initiation of coagulation cascade	23	0.3875
n0240	go:GO:0010763	go	positive regulation of fibroblast migration	15	0.4259
n0241	go:GO:0021871	go	forebrain regionalization	24	0.2632
n0242	reactome:R-HSA-73980	reactome	RNA Polymerase III Transcription Termination	23	0.3250
n0242	reactome:R-HSA-749476	reactome	RNA Polymerase III Abortive And Retractive Initiation	41	0.2647
n0243	go:GO:0043457	go	regulation of cellular respiration	47	0.4324
n0245	go:GO:0040031	go	snRNA modification	7	0.4545
n0245	go:GO:1903241	go	U2-type prespliceosome assembly	25	0.3714
n0245	go:GO:0000389	go	mRNA 3'-splice site recognition	6	0.2933
n0246	go:GO:2000766	go	negative regulation of cytoplasmic translation	10	0.2817
n0247	go:GO:0019724	go	B cell mediated immunity	199	0.4110
n0247	go:GO:0048290	go	isotype switching to IgA isotypes	7	0.3467
n0247	reactome:R-HSA-9938027	reactome	Affinity selection of immunoglobulins	381	0.2763
n0249	go:GO:0034260	go	negative regulation of GTPase activity	16	0.3077
n0249	reactome:R-HSA-9035034	reactome	RHOF GTPase cycle	42	0.2917
n0249	reactome:R-HSA-9013148	reactome	CDC42 GTPase cycle	155	0.2593
n0250	go:GO:0043457	go	regulation of cellular respiration	47	0.4805
n0250	reactome:R-HSA-1592230	reactome	Mitochondrial biogenesis	95	0.3731
n0250	go:GO:2000378	go	negative regulation of reactive oxygen species metabolic process	45	0.3158
n0250	go:GO:0019674	go	NAD+ metabolic process	43	0.2676
n0252	go:GO:0006784	go	heme A biosynthetic process	10	0.3462
n0252	reactome:R-HSA-211958	reactome	Miscellaneous substrates	12	0.2754
n0252	go:GO:0097267	go	omega-hydroxylase P450 pathway	12	0.2698
n0252	go:GO:0018126	go	protein hydroxylation	15	0.2500
n0253	reactome:R-HSA-9855719	reactome	Regulation of FXIIa and plasma kallikrein activity	9	0.4571
n0253	go:GO:0061844	go	antimicrobial humoral immune response mediated by antimicrobial peptide	145	0.2703
n0253	go:GO:0019731	go	antibacterial humoral response	90	0.2667
n0255	reactome:R-HSA-380259	reactome	Loss of Nlp from mitotic centrosomes	69	0.3636
n0255	reactome:R-HSA-8948747	reactome	Regulation of PTEN localization	9	0.2927
n0256	reactome:R-HSA-111996	reactome	Ca-dependent events	37	0.4815
n0256	reactome:R-HSA-111933	reactome	Calmodulin induced events	35	0.4510
n0256	go:GO:0032793	go	obsolete positive regulation of CREB transcription factor activity	9	0.3704
n0257	go:GO:0048066	go	developmental pigmentation	48	0.4783
n0257	go:GO:0009637	go	response to blue light	7	0.4468
n0257	go:GO:0006298	go	mismatch repair	36	0.4082
n0257	reactome:R-HSA-5358508	reactome	Mismatch Repair	15	0.3913
n0258	reactome:R-HSA-8957322	reactome	Metabolism of steroids	155	0.3448
n0258	reactome:R-HSA-5619110	reactome	Defective SLCO1B1 causes hyperbilirubinemia, Rotor type (HBLRR)	1	0.2969
n0258	reactome:R-HSA-6807062	reactome	Zymostenol biosynthesis via lathosterol (Kandutsch-Russell pathway)	8	0.2931
n0258	reactome:R-HSA-211976	reactome	Endogenous sterols	26	0.2759
n0259	reactome:R-HSA-9648025	reactome	EML4 and NUDC in mitotic spindle formation	117	0.4576
n0259	reactome:R-HSA-380259	reactome	Loss of Nlp from mitotic centrosomes	69	0.4154
n0260	reactome:R-HSA-204005	reactome	COPII-mediated vesicle transport	69	0.3333
n0260	go:GO:0043001	go	Golgi to plasma membrane protein transport	45	0.2812
n0261	hallmark:HALLMARK_ANDROGEN_RESPONSE	hallmark	HALLMARK_ANDROGEN_RESPONSE	100	0.2542
n0262	go:GO:0035458	go	cellular response to interferon-beta	30	0.3125
n0263	reactome:R-HSA-5619095	reactome	Defective SLCO2A1 causes primary, autosomal recessive hypertrophic osteoarthropathy 2 (PHOAR2)	1	0.4800
n0263	reactome:R-HSA-391908	reactome	Prostanoid ligand receptors	9	0.4717
n0263	go:GO:0019370	go	leukotriene biosynthetic process	23	0.3269
n0263	reactome:R-HSA-111995	reactome	phospho-PLA2 pathway	2	0.2679
n0263	go:GO:0070291	go	N-acylethanolamine metabolic process	5	0.2549
n0264	btm:M88.0	btm	leukocyte migration	51	0.3226
n0264	go:GO:0060575	go	intestinal epithelial cell differentiation	24	0.2857
n0264	go:GO:0036335	go	intestinal stem cell homeostasis	7	0.2667
n0265	go:GO:0060324	go	face development	54	0.4706
n0266	reactome:R-HSA-5619050	reactome	Defective SLC4A1 causes hereditary spherocytosis type 4 (HSP4),  distal renal tubular acidosis (dRTA) and dRTA with hemolytic anemia (dRTA-HA)	1	0.3429
n0266	reactome:R-HSA-427652	reactome	Sodium-coupled phosphate cotransporters	6	0.2727
n0266	go:GO:0015701	go	bicarbonate transport	33	0.2500
n0268	go:GO:0086069	go	bundle of His cell to Purkinje myocyte communication	15	0.4286
n0269	go:GO:0070296	go	sarcoplasmic reticulum calcium ion transport	51	0.3056
n0270	go:GO:0006208	go	pyrimidine nucleobase catabolic process	8	0.2609
n0270	go:GO:0009130	go	pyrimidine nucleoside monophosphate biosynthetic process	16	0.2500
n0273	go:GO:0019236	go	response to pheromone	9	0.4921
n0274	reactome:R-HSA-111885	reactome	Opioid Signalling	90	0.4737
n0274	go:GO:0035094	go	response to nicotine	51	0.4615
n0277	go:GO:0006119	go	oxidative phosphorylation	149	0.4000
n0278	go:GO:0009142	go	nucleoside triphosphate biosynthetic process	130	0.3878
n0278	go:GO:0009119	go	ribonucleoside metabolic process	24	0.3023
n0279	go:GO:0036503	go	ERAD pathway	113	0.4474
n0279	go:GO:1904293	go	negative regulation of ERAD pathway	7	0.3778
n0280	go:GO:0180059	go	protein O-linked glycosylation via glucose	6	0.4423
n0281	go:GO:0016485	go	protein processing	268	0.2742
n0281	go:GO:0031399	go	regulation of protein modification process	660	0.2545
n0282	go:GO:0042026	go	protein refolding	30	0.3000
n0283	go:GO:0033591	go	response to L-ascorbic acid	5	0.2985
n0284	go:GO:0036265	go	RNA (guanine-N7)-methylation	7	0.4462
n0286	reactome:R-HSA-8876384	reactome	Listeria monocytogenes entry into host cells	20	0.2800
n0286	go:GO:0044793	go	host-mediated suppression of viral proces	16	0.2593
n0286	go:GO:0002922	go	positive regulation of humoral immune response	23	0.2500
n0286	reactome:R-HSA-8876493	reactome	InlA-mediated entry of Listeria monocytogenes into host cells	9	0.2500
n0287	reactome:R-HSA-9638482	reactome	Metal ion assimilation from the host	2	0.2549
n0289	go:GO:0021610	go	facial nerve morphogenesis	11	0.2564
n0290	go:GO:0110010	go	basolateral protein secretion	5	0.4400
n0290	hallmark:HALLMARK_APICAL_SURFACE	hallmark	HALLMARK_APICAL_SURFACE	44	0.3654
n0291	go:GO:0060354	go	negative regulation of cell adhesion molecule production	14	0.4861
n0291	go:GO:0034116	go	positive regulation of heterotypic cell-cell adhesion	13	0.4265
n0291	go:GO:0034110	go	regulation of homotypic cell-cell adhesion	41	0.4203
n0291	reactome:R-HSA-392517	reactome	Rap1 signalling	16	0.3710
n0291	go:GO:1904995	go	negative regulation of leukocyte adhesion to vascular endothelial cell	13	0.3521
n0291	go:GO:0022409	go	positive regulation of cell-cell adhesion	339	0.3478
n0292	reactome:R-HSA-379716	reactome	Cytosolic tRNA aminoacylation	24	0.3944
n0293	go:GO:0072344	go	rescue of stalled cytosolic ribosome	38	0.2830
n0295	reactome:R-HSA-350562	reactome	Regulation of ornithine decarboxylase (ODC)	38	0.4444
n0295	go:GO:0008216	go	spermidine metabolic process	10	0.4375
n0296	reactome:R-HSA-9865114	reactome	Maple Syrup Urine Disease	5	0.4857
n0296	reactome:R-HSA-9865113	reactome	Loss-of-function mutations in DBT cause MSUD2	4	0.4444
n0296	reactome:R-HSA-2408557	reactome	Selenocysteine synthesis	94	0.4000
n0296	reactome:R-HSA-9909438	reactome	3-Methylcrotonyl-CoA carboxylase deficiency	2	0.3448
n0296	go:GO:0009267	go	cellular response to starvation	192	0.2500
n0297	reactome:R-HSA-3359463	reactome	Defective CUBN causes MGA1	3	0.4074
n0297	go:GO:0046164	go	alcohol catabolic process	38	0.3214
n0298	go:GO:0099518	go	vesicle cytoskeletal trafficking	61	0.4844
n0298	btm:M147	btm	intracellular transport	17	0.3492
n0299	go:GO:0007156	go	homophilic cell-cell adhesion	178	0.2500
n0300	go:GO:0002579	go	positive regulation of antigen processing and presentation	10	0.4865
n0300	go:GO:0002711	go	positive regulation of T cell mediated immunity	72	0.4324
n0300	go:GO:0042102	go	positive regulation of T cell proliferation	108	0.3784
n0301	go:GO:0045345	go	positive regulation of MHC class I biosynthetic process	6	0.4677
n0301	go:GO:0045341	go	MHC class I biosynthetic process	8	0.3968
n0301	go:GO:0048003	go	antigen processing and presentation of lipid antigen via MHC class Ib	8	0.3750
n0301	go:GO:0002711	go	positive regulation of T cell mediated immunity	72	0.2571
n0302	go:GO:0006369	go	termination of RNA polymerase II transcription	19	0.2857
n0304	btm:S0	btm	T cell surface signature	27	0.4138
n0304	btm:M52	btm	T cell activation (IV)	13	0.3793
n0304	go:GO:0141214	go	positive regulation of phospholipase C/protein kinase C signal transduction	5	0.3448
n0304	go:GO:0002286	go	T cell activation involved in immune response	154	0.3103
n0304	go:GO:0046629	go	gamma-delta T cell activation	29	0.2800
n0305	btm:M133.0	btm	cell adhesion, membrane	14	0.3784
n0305	go:GO:2000047	go	regulation of cell-cell adhesion mediated by cadherin	22	0.3250
n0305	go:GO:2000048	go	negative regulation of cell-cell adhesion mediated by cadherin	11	0.2727
n0306	go:GO:0071887	go	leukocyte apoptotic process	116	0.3704
n0306	go:GO:0032815	go	negative regulation of natural killer cell activation	11	0.3182
n0306	btm:M7.2	btm	enriched in NK cells (I)	48	0.2667
n0306	btm:M61.2	btm	enriched in NK cells (receptor activation)	16	0.2500
n0307	go:GO:0072666	go	establishment of protein localization to vacuole	61	0.4468
n0307	go:GO:0006896	go	Golgi to vacuole transport	24	0.4444
n0307	btm:M209	btm	lysosome	10	0.3913
n0307	go:GO:0080171	go	lytic vacuole organization	124	0.3636
n0309	go:GO:0034332	go	adherens junction organization	60	0.4865
n0309	go:GO:2000047	go	regulation of cell-cell adhesion mediated by cadherin	22	0.2857
n0310	go:GO:0086066	go	atrial cardiac muscle cell to AV node cell communication	19	0.2759
n0311	go:GO:0098953	go	receptor diffusion trapping	12	0.4627
n0311	go:GO:0051964	go	negative regulation of synapse assembly	10	0.4603
n0312	reactome:R-HSA-189483	reactome	Heme degradation	15	0.3333
n0317	go:GO:0006703	go	estrogen biosynthetic process	11	0.4828
n0317	go:GO:0033147	go	negative regulation of intracellular estrogen receptor signaling pathway	15	0.3571
n0317	reactome:R-HSA-9018519	reactome	Estrogen-dependent gene expression	121	0.3448
n0317	hallmark:HALLMARK_ESTROGEN_RESPONSE_EARLY	hallmark	HALLMARK_ESTROGEN_RESPONSE_EARLY	200	0.3000
n0317	btm:M225	btm	metabolism of steroids	10	0.2759
n0317	hallmark:HALLMARK_ESTROGEN_RESPONSE_LATE	hallmark	HALLMARK_ESTROGEN_RESPONSE_LATE	200	0.2759
n0317	go:GO:0006702	go	androgen biosynthetic process	10	0.2593
n0318	go:GO:0010523	go	negative regulation of calcium ion transport into cytosol	5	0.4231
n0318	go:GO:0051284	go	obsolete positive regulation of sequestering of calcium ion	8	0.3462
n0319	go:GO:0030048	go	actin filament-based movement	147	0.4521
n0320	go:GO:0170062	go	nutrient storage	103	0.3600
n0321	hallmark:HALLMARK_APICAL_SURFACE	hallmark	HALLMARK_APICAL_SURFACE	44	0.3208
n0322	go:GO:0048873	go	homeostasis of number of cells within a tissue	42	0.4400
n0323	go:GO:0021904	go	dorsal/ventral neural tube patterning	14	0.4545
n0323	go:GO:0021953	go	central nervous system neuron differentiation	220	0.3864
n0323	go:GO:0060896	go	neural plate pattern specification	9	0.2895
n0323	go:GO:0021766	go	hippocampus development	97	0.2549
n0324	go:GO:0060977	go	coronary vasculature morphogenesis	17	0.4286
n0326	reactome:R-HSA-8963889	reactome	Assembly of active LPL and LIPC lipase complexes	19	0.3462
n0327	go:GO:0042755	go	eating behavior	46	0.3214
n0327	btm:M88.1	btm	enriched in hepatocyte nuclear factors (I)	13	0.3000
n0327	go:GO:0034379	go	very-low-density lipoprotein particle assembly	12	0.2727
n0327	go:GO:0044320	go	cellular response to leptin stimulus	18	0.2667
n0328	go:GO:0048871	go	multicellular organismal-level homeostasis	920	0.4118
n0328	go:GO:0043268	go	positive regulation of potassium ion transport	32	0.3415
n0328	go:GO:0051051	go	negative regulation of transport	455	0.3171
n0328	go:GO:0043267	go	negative regulation of potassium ion transport	32	0.3111
n0328	go:GO:0009651	go	response to salt stress	21	0.2857
n0328	go:GO:0034766	go	negative regulation of monoatomic ion transmembrane transport	82	0.2703
n0328	go:GO:1902075	go	cellular response to salt	6	0.2632
n0328	reactome:R-HSA-1299287	reactome	Tandem pore domain halothane-inhibited K+ channel (THIK)	1	0.2564
n0329	reactome:R-HSA-9854909	reactome	Regulation of MITF-M dependent genes involved in invasion	4	0.4918
n0329	reactome:R-HSA-9825895	reactome	Regulation of MITF-M-dependent genes involved in DNA replication, damage repair and senescence	6	0.3922
n0330	go:GO:0035295	go	tube development	1216	0.3191
n0330	go:GO:0060539	go	diaphragm development	9	0.2791
n0331	go:GO:0046130	go	purine ribonucleoside catabolic process	6	0.4667
n0331	go:GO:0046122	go	purine deoxyribonucleoside metabolic process	5	0.3333
n0331	reactome:R-HSA-8956319	reactome	Nucleotide catabolism	35	0.2857
n0332	go:GO:0033206	go	meiotic cytokinesis	9	0.3529
n0332	reactome:R-HSA-2995410	reactome	Nuclear Envelope (NE) Reassembly	76	0.3509
n0332	go:GO:0000910	go	cytokinesis	198	0.3158
n0332	go:GO:0044725	go	epigenetic programming in the zygotic pronuclei	15	0.2857
n0333	go:GO:1903722	go	regulation of centriole elongation	9	0.3111
n0333	go:GO:0044380	go	protein localization to cytoskeleton	66	0.3023
n0333	go:GO:0051660	go	establishment of centrosome localization	7	0.3023
n0333	go:GO:0061842	go	microtubule organizing center localization	31	0.2667
n0335	go:GO:0051932	go	synaptic transmission, GABAergic	64	0.4146
n0335	go:GO:0035249	go	synaptic transmission, glutamatergic	110	0.3864
n0335	go:GO:1902683	go	regulation of receptor localization to synapse	31	0.2750
n0336	reactome:R-HSA-5579027	reactome	Defective CYP27B1 causes VDDR1B	1	0.4677
n0336	go:GO:0070562	go	regulation of vitamin D receptor signaling pathway	10	0.4310
n0336	reactome:R-HSA-5579010	reactome	Defective CYP24A1 causes HCAI	1	0.4310
n0337	go:GO:0033212	go	iron import into cell	11	0.2927
n0337	go:GO:0110076	go	negative regulation of ferroptosis	19	0.2727
n0338	go:GO:1903726	go	negative regulation of phospholipid metabolic process	7	0.4762
n0338	go:GO:1901503	go	ether biosynthetic process	13	0.4394
n0338	reactome:R-HSA-5683678	reactome	Defective ABCA3 causes SMDP3	1	0.3857
n0338	reactome:R-HSA-111995	reactome	phospho-PLA2 pathway	2	0.2647
n0339	reactome:R-HSA-3781865	reactome	Diseases of glycosylation	147	0.3256
n0339	reactome:R-HSA-3595177	reactome	Defective CHSY1 causes TPBS	8	0.3095
n0340	reactome:R-HSA-70635	reactome	Urea cycle	12	0.4483
n0340	reactome:R-HSA-9956514	reactome	ARG1 variants cause hyperargininemia	1	0.4000
n0340	go:GO:0000050	go	urea cycle	12	0.3846
n0341	go:GO:0006285	go	base-excision repair, AP site formation	12	0.3333
n0342	hallmark:HALLMARK_MYC_TARGETS_V1	hallmark	HALLMARK_MYC_TARGETS_V1	200	0.4516
n0342	hallmark:HALLMARK_MYC_TARGETS_V2	hallmark	HALLMARK_MYC_TARGETS_V2	58	0.4138
n0342	reactome:R-HSA-2978092	reactome	Abnormal conversion of 2-oxoglutarate to 2-hydroxyglutarate	1	0.2500
n0343	go:GO:0016137	go	glycoside metabolic process	17	0.4921
n0343	go:GO:0009101	go	glycoprotein biosynthetic process	325	0.3065
n0343	reactome:R-HSA-70171	reactome	Glycolysis	73	0.2698
n0343	hallmark:HALLMARK_GLYCOLYSIS	hallmark	HALLMARK_GLYCOLYSIS	200	0.2571
n0344	go:GO:0003281	go	ventricular septum development	77	0.4773
n0344	go:GO:0003289	go	atrial septum primum morphogenesis	5	0.3095
n0344	go:GO:0072359	go	circulatory system development	1278	0.2857
n0345	go:GO:0072103	go	glomerulus vasculature morphogenesis	6	0.4565
n0345	go:GO:0090192	go	regulation of glomerulus development	6	0.4146
n0345	go:GO:0035787	go	cell migration involved in kidney development	5	0.2927
n0346	go:GO:0002711	go	positive regulation of T cell mediated immunity	72	0.3902
n0347	reactome:R-HSA-9931295	reactome	PD-L1(CD274) glycosylation and translocation to plasma membrane	21	0.4483
n0347	go:GO:0002713	go	negative regulation of B cell mediated immunity	14	0.3750
n0347	go:GO:0043378	go	positive regulation of CD8-positive, alpha-beta T cell differentiation	5	0.3214
n0347	reactome:R-HSA-9929491	reactome	SPOP-mediated proteasomal degradation of PD-L1(CD274)	46	0.3214
n0348	btm:M16	btm	TLR and inflammatory signaling	46	0.3226
n0348	reactome:R-HSA-168176	reactome	Toll Like Receptor 5 (TLR5) Cascade	96	0.2881
n0349	reactome:R-HSA-9673766	reactome	Signaling by cytosolic PDGFRA and PDGFRB fusion proteins	3	0.3824
n0349	reactome:R-HSA-9616222	reactome	Transcriptional regulation of granulopoiesis	58	0.2581
n0350	go:GO:0002532	go	production of molecular mediator involved in inflammatory response	125	0.4000
n0350	btm:M33	btm	inflammatory response	11	0.3750
n0350	reactome:R-HSA-8852405	reactome	Signaling by MST1	5	0.3235
n0350	go:GO:0032103	go	positive regulation of response to external stimulus	699	0.3125
n0350	hallmark:HALLMARK_INFLAMMATORY_RESPONSE	hallmark	HALLMARK_INFLAMMATORY_RESPONSE	200	0.2857
n0350	btm:M118.0	btm	enriched in monocytes (IV)	57	0.2500
n0354	go:GO:0007056	go	spindle assembly involved in female meiosis	13	0.4571
n0354	reactome:R-HSA-912446	reactome	Meiotic recombination	57	0.4103
n0354	go:GO:0007141	go	male meiosis I	29	0.2683
n0355	hallmark:HALLMARK_E2F_TARGETS	hallmark	HALLMARK_E2F_TARGETS	200	0.4231
n0355	btm:M4.7	btm	mitotic cell cycle	21	0.3571
n0355	go:GO:0007346	go	regulation of mitotic cell cycle	552	0.3043
n0356	go:GO:0035295	go	tube development	1216	0.4884
n0357	go:GO:0007051	go	spindle organization	214	0.4200
n0357	go:GO:0007056	go	spindle assembly involved in female meiosis	13	0.3800
n0357	go:GO:0060623	go	regulation of chromosome condensation	15	0.2941
n0357	go:GO:1905821	go	positive regulation of chromosome condensation	8	0.2941
n0358	go:GO:0048013	go	ephrin receptor signaling pathway	53	0.4464
n0358	go:GO:0097150	go	neuronal stem cell population maintenance	23	0.4167
n0358	reactome:R-HSA-204998	reactome	Cell death signalling via NRAGE, NRIF and NADE	76	0.3774
n0359	go:GO:0071396	go	cellular response to lipid	685	0.3714
n0359	go:GO:0071402	go	cellular response to lipoprotein particle stimulus	47	0.3492
n0359	go:GO:0055095	go	lipoprotein particle mediated signaling	5	0.3279
n0359	go:GO:0045600	go	positive regulation of fat cell differentiation	74	0.2951
n0359	hallmark:HALLMARK_ADIPOGENESIS	hallmark	HALLMARK_ADIPOGENESIS	200	0.2500
n0361	reactome:R-HSA-1679131	reactome	Trafficking and processing of endosomal TLR	13	0.3182
n0361	reactome:R-HSA-9860276	reactome	SLC15A4:TASL-dependent IRF5 activation	6	0.3043
n0361	go:GO:0140894	go	endolysosomal toll-like receptor signaling pathway	50	0.2609
n0362	reactome:R-HSA-9953080	reactome	MPS VII - Sly syndrome (CS/DS degradation)	1	0.3200
n0362	reactome:R-HSA-9953078	reactome	MPS II - Hunter syndrome (CS/DS degradation)	1	0.2558
n0363	reactome:R-HSA-4570571	reactome	Defective RFT1 causes CDG-1n	1	0.4800
n0363	reactome:R-HSA-8932505	reactome	DAG1 core M3 glycosylations	6	0.4231
n0363	go:GO:0010560	go	positive regulation of glycoprotein biosynthetic process	18	0.3667
n0363	go:GO:0006493	go	protein O-linked glycosylation	155	0.3600
n0363	reactome:R-HSA-5619068	reactome	Defective SLC2A10 causes arterial tortuosity syndrome (ATS)	1	0.3333
n0363	reactome:R-HSA-4755583	reactome	Defective DOLK causes DOLK-CDG	1	0.2917
n0363	reactome:R-HSA-5662853	reactome	Essential pentosuria	1	0.2500
n0364	go:GO:0046856	go	phosphatidylinositol dephosphorylation	26	0.4483
n0364	reactome:R-HSA-8948747	reactome	Regulation of PTEN localization	9	0.4286
n0364	go:GO:1904776	go	regulation of protein localization to cell cortex	8	0.2500
n0365	reactome:R-HSA-5626978	reactome	TNFR1-mediated ceramide production	6	0.4595
n0365	go:GO:0033209	go	tumor necrosis factor-mediated signaling pathway	133	0.3824
n0367	go:GO:0086091	go	regulation of heart rate by cardiac conduction	43	0.2558
n0368	go:GO:1990573	go	potassium ion import across plasma membrane	58	0.3214
n0368	go:GO:0099587	go	inorganic ion import across plasma membrane	144	0.3030
n0368	go:GO:0098771	go	inorganic ion homeostasis	566	0.2571
n0370	go:GO:0019079	go	viral genome replication	116	0.3514
n0371	go:GO:1903306	go	negative regulation of regulated secretory pathway	26	0.3030
n0371	go:GO:0046883	go	regulation of hormone secretion	263	0.2647
n0372	go:GO:0033275	go	actin-myosin filament sliding	19	0.4286
n0372	go:GO:0003012	go	muscle system process	535	0.4000
n0372	reactome:R-HSA-390522	reactome	Striated Muscle Contraction	36	0.3235
n0373	go:GO:0021871	go	forebrain regionalization	24	0.2973
n0373	go:GO:0030917	go	midbrain-hindbrain boundary development	7	0.2857
n0373	go:GO:0035385	go	Roundabout signaling pathway	5	0.2821
n0374	btm:M118.0	btm	enriched in monocytes (IV)	57	0.4000
n0374	btm:M118.1	btm	enriched in monocytes (surface)	17	0.2727
n0375	go:GO:0046856	go	phosphatidylinositol dephosphorylation	26	0.3590
n0375	reactome:R-HSA-8948747	reactome	Regulation of PTEN localization	9	0.3077
n0375	go:GO:0033385	go	geranylgeranyl diphosphate metabolic process	9	0.2683
n0376	reactome:R-HSA-2408550	reactome	Metabolism of ingested H2SeO4 and H2SeO3 into H2Se	4	0.3000
n0376	reactome:R-HSA-9748784	reactome	Drug ADME	110	0.2963
n0376	go:GO:0006790	go	sulfur compound metabolic process	283	0.2917
n0377	go:GO:0032847	go	obsolete regulation of cellular pH reduction	6	0.4333
n0377	go:GO:0071474	go	cellular hyperosmotic response	21	0.4310
n0377	go:GO:0009651	go	response to salt stress	21	0.3968
n0377	reactome:R-HSA-432047	reactome	Passive transport by Aquaporins	13	0.3281
n0377	go:GO:0015791	go	polyol transmembrane transport	11	0.2500
n0378	go:GO:0051454	go	intracellular pH elevation	8	0.2609
n0379	reactome:R-HSA-3214841	reactome	PKMTs methylate histone lysines	46	0.3231
n0379	go:GO:0036265	go	RNA (guanine-N7)-methylation	7	0.3077
n0379	reactome:R-HSA-9825895	reactome	Regulation of MITF-M-dependent genes involved in DNA replication, damage repair and senescence	6	0.2667
n0380	go:GO:0015749	go	monosaccharide transmembrane transport	125	0.4750
n0380	reactome:R-HSA-189200	reactome	Cellular hexose transport	22	0.4500
n0380	reactome:R-HSA-164378	reactome	PKA activation in glucagon signalling	17	0.3902
n0380	reactome:R-HSA-381676	reactome	Glucagon-like Peptide-1 (GLP1) regulates insulin secretion	42	0.3659
n0380	go:GO:0008643	go	carbohydrate transport	141	0.3488
n0381	go:GO:0006848	go	pyruvate transport	8	0.4857
n0381	reactome:R-HSA-9931929	reactome	Defective GALM causes GALAC4	1	0.4737
n0381	go:GO:0046835	go	carbohydrate phosphorylation	24	0.3846
n0381	go:GO:0009225	go	nucleotide-sugar metabolic process	42	0.2703
n0381	go:GO:1901659	go	glycosyl compound biosynthetic process	25	0.2571
n0381	go:GO:0019673	go	GDP-mannose metabolic process	10	0.2564
n0382	go:GO:0048736	go	appendage development	198	0.3056
n0383	reactome:R-HSA-3359475	reactome	Defective MMAA causes MMA, cblA type	2	0.2667
n0383	reactome:R-HSA-9909438	reactome	3-Methylcrotonyl-CoA carboxylase deficiency	2	0.2500
n0385	go:GO:2000106	go	regulation of leukocyte apoptotic process	88	0.4118
n0385	go:GO:0071887	go	leukocyte apoptotic process	116	0.3889
n0385	reactome:R-HSA-9616222	reactome	Transcriptional regulation of granulopoiesis	58	0.3462
n0386	go:GO:0006968	go	cellular defense response	52	0.4468
n0386	go:GO:0045345	go	positive regulation of MHC class I biosynthetic process	6	0.3864
n0386	go:GO:0030098	go	lymphocyte differentiation	456	0.3750
n0386	btm:M160	btm	leukocyte differentiation	16	0.3409
n0387	btm:M241	btm	TBA	10	0.4762
n0387	go:GO:0051254	go	positive regulation of RNA metabolic process	1942	0.3333
n0387	go:GO:0045727	go	positive regulation of translation	143	0.2821
n0387	go:GO:0045944	go	positive regulation of transcription by RNA polymerase II	1266	0.2683
n0388	btm:M37.1	btm	enriched in neutrophils (I)	51	0.2955
n0388	go:GO:0032604	go	granulocyte macrophage colony-stimulating factor production	17	0.2791
n0389	reactome:R-HSA-75953	reactome	RNA Polymerase II Transcription Initiation	48	0.4000
n0389	go:GO:0043388	go	positive regulation of DNA binding	22	0.3500
n0389	go:GO:0045944	go	positive regulation of transcription by RNA polymerase II	1266	0.2821
n0389	go:GO:0045898	go	regulation of RNA polymerase II transcription preinitiation complex assembly	9	0.2727
n0390	go:GO:0006968	go	cellular defense response	52	0.4630
n0390	go:GO:0032814	go	regulation of natural killer cell activation	49	0.4107
n0390	btm:M61.2	btm	enriched in NK cells (receptor activation)	16	0.3667
n0390	go:GO:0032815	go	negative regulation of natural killer cell activation	11	0.3654
n0390	go:GO:0002443	go	leukocyte mediated immunity	484	0.3571
n0390	btm:M7.2	btm	enriched in NK cells (I)	48	0.3158
n0390	go:GO:0002705	go	positive regulation of leukocyte mediated immunity	156	0.2745
