node	size	support	parents	children	n_genes	label	provisional
n0000	253	0.3900		n0001 n0032 n0037	4572		true
n0001	222	1.0000	n0000	n0028 n0044 n0075 n0088 n0095 n0097 n0113 n0115 n0123 n0150 n0177 n0204 n0238 n0251 n0253 n0285 n0286 n0300 n0301 n0304 n0346 n0347 n0353 n0374 n0385 n0388	4261		true
n0002	45	0.7800		n0006 n0103	1420		true
n0003	43	0.6700		n0018 n0035	1469		true
n0004	41	0.6900		n0013 n0081	925		true
n0005	33	0.4800		n0011 n0048	1398		true
n0006	32	0.3300	n0002	n0034 n0066	1124		true
n0007	32	0.5800		n0034 n0103	1126		true
n0008	32	0.4100		n0046 n0062	3099		true
n0009	31	0.6400		n0041 n0126 n0277	862		true
n0010	30	0.7500		n0019 n0038	1454		true
n0011	29	0.6700	n0005	n0036 n0118	1309		true
n0012	29	0.3300		n0020 n0288	1833		true
n0013	27	0.8200	n0004	n0047 n0125	872		true
n0014	27	0.6900		n0017 n0024 n0111	1110		true
n0015	25	0.7700		n0070 n0193 n0229 n0270	531		true
n0016	24	0.9900		n0025 n0236	206		true
n0017	24	0.3300	n0014	n0073	471		true
n0018	23	0.9900	n0003	n0071 n0195	1278		true
n0019	23	0.3300	n0010	n0082	1352		true
n0020	22	0.5700	n0012	n0148 n0328	1779		true
n0021	22	0.7200		n0035 n0268	282		true
n0022	22	0.3500		n0031	1663		true
n0023	21	0.9000		n0050 n0061	545		true
n0024	21	0.4100	n0014	n0073 n0289	382		true
n0025	20	1.0000	n0016	n0039 n0049 n0067	199		true
n0026	20	0.7400		n0045 n0248	938		true
n0027	20	0.4300		n0064 n0369	792		true
n0028	20	0.7700	n0001	n0077 n0316	579		true
n0029	19	0.8500		n0057 n0279	483		true
n0030	19	0.6100		n0158 n0194	1146		true
n0031	19	0.4400	n0022	n0060 n0087	1441		true
n0032	19	0.4400	n0000	n0103 n0285	836		true
n0033	18	0.7600		n0058 n0258	437		true
n0034	18	0.7400	n0006 n0007	n0068 n0267	743		true
n0035	18	0.9800	n0003 n0021	n0161 n0367	244		true
n0036	17	0.9100	n0011	n0078 n0099	844		true
n0037	17	0.3300	n0000	n0103	528		true
n0038	17	0.8000	n0010	n0128 n0129	702		true
n0039	17	0.3400	n0025	n0101 n0140	198		true
n0040	17	0.6500		n0073 n0272	1301		true
n0041	17	1.0000	n0009	n0074	347		true
n0042	17	0.4200		n0223 n0243	671		true
n0043	17	0.4500		n0093	221		true
n0044	17	0.4800	n0001	n0096	364		true
n0045	17	0.4000	n0026	n0134 n0249	831		true
n0046	17	0.4300	n0008	n0116 n0309	2243		true
n0047	16	0.6200	n0013	n0211 n0311	671		true
n0048	16	0.5500	n0005	n0118 n0366	809		true
n0049	16	0.9600	n0025	n0101 n0140	191		true
n0050	16	0.4000	n0023	n0145	336		true
n0051	16	1.0000		n0083	387		true
n0052	16	0.3300		n0273	844		true
n0053	16	0.5200		n0230	421		true
n0054	16	0.4300		n0159 n0231	582		true
n0055	16	0.5400		n0089 n0130	937		true
n0056	16	0.3400		n0082	1197		true
n0057	15	0.9300	n0029	n0102 n0313	369		true
n0058	15	0.4700	n0033	n0143	349		true
n0059	15	0.9000		n0106	159		true
n0060	15	0.4900	n0031	n0234 n0332	1422		true
n0061	15	0.7000	n0023	n0145 n0382	507		true
n0062	15	0.5600	n0008	n0290 n0321	1694		true
n0063	15	1.0000		n0110 n0131	535		true
n0064	15	0.8800	n0027	n0261 n0317	758		true
n0065	14	0.3500		n0178	143		true
n0066	14	0.9900	n0006	n0139	542		true
n0067	14	0.6700	n0025	n0140	187		true
n0068	14	0.9700	n0034	n0117	735		true
n0069	14	1.0000		n0220 n0225	171		true
n0070	14	0.4900	n0015	n0278 n0331	517		true
n0071	14	0.9300	n0018	n0164 n0196	631		true
n0072	14	0.3300		n0241 n0323	532		true
n0073	14	0.9900	n0017 n0024 n0040	n0166	313		true
n0074	14	1.0000	n0041	n0119	223		true
n0075	14	0.4400	n0001	n0247	660		true
n0076	14	0.6200		n0205 n0376	533		true
n0077	14	0.9400	n0028	n0348 n0361	544		true
n0078	13	0.9200	n0036	n0209 n0365	844		true
n0079	13	0.3500		n0142	270		true
n0080	13	0.3900		n0221 n0322	361		true
n0081	13	0.9900	n0004	n0186	213		true
n0082	13	1.0000	n0019 n0056	n0222 n0325	1088		true
n0083	13	0.9400	n0051	n0144 n0269	328		true
n0084	13	0.8000			1485		true
n0085	13	0.5100		n0151 n0259	500		true
n0086	13	0.5900		n0232	263		true
n0087	13	0.6100	n0031	n0234	1369		true
n0088	13	0.5600	n0001	n0287	739		true
n0089	13	0.9900	n0055	n0239	901		true
n0090	13	0.4800		n0292	3094		true
n0091	13	0.5600		n0293	578		true
n0092	13	0.4900		n0245	440		true
n0093	13	0.8700	n0043	n0170 n0384	127		true
n0094	13	0.4200		n0171	642		true
n0095	13	0.8300	n0001	n0172	991		true
n0096	13	0.9300	n0044	n0174 n0184	254		true
n0097	13	0.3300	n0001	n0206 n0306 n0386 n0390	1156		true
n0098	13	0.4100		n0375	279		true
n0099	12	0.6000	n0036	n0209	839		true
n0100	12	0.7400		n0179	518		true
n0101	12	0.3700	n0039 n0049		187		true
n0102	12	0.9900	n0057		332		true
n0103	12	1.0000	n0002 n0007 n0032 n0037	n0262 n0370	496		true
n0104	12	0.9900			345		true
n0105	12	0.8500		n0181 n0185	486		true
n0106	12	0.8900	n0059	n0315 n0326	159		true
n0107	12	0.7900		n0217	436		true
n0108	12	0.8100		n0274	292		true
n0109	12	0.3400			604		true
n0110	12	0.3300	n0063	n0215	480		true
n0111	12	0.4100	n0014	n0289	197		true
n0112	12	0.7000		n0291	556		true
n0113	12	0.9500	n0001	n0198	516		true
n0114	12	0.6300		n0359	575		true
n0115	12	0.3800	n0001		435		true
n0116	12	0.5600	n0046	n0208 n0305	2243		true
n0117	11	0.9700	n0068	n0254	151		true
n0118	11	1.0000	n0011 n0048		625		true
n0119	11	0.9700	n0074		214		true
n0120	11	0.3500		n0371	94		true
n0121	11	0.4800		n0210	229		true
n0122	11	0.5900		n0263	75		true
n0123	11	0.4000	n0001		573		true
n0124	11	0.9300			2063		true
n0125	11	0.9500	n0013	n0335	368		true
n0126	11	0.5800	n0009		612		true
n0127	11	0.5200		n0342 n0379	441		true
n0128	11	0.9700	n0038	n0372	620		true
n0129	11	0.5300	n0038	n0235	622		true
n0130	11	0.9300	n0055	n0239	901		true
n0131	11	0.9200	n0063	n0215	437		true
n0132	11	0.4700		n0244	172		true
n0133	11	0.4600		n0356	1301		true
n0134	11	0.9800	n0045		823		true
n0135	11	0.9900			307		true
n0136	11	0.9900			1171		true
n0137	11	0.5100		n0307	340		true
n0138	11	0.4700		n0308	157		true
n0139	10	0.9600	n0066		470		true
n0140	10	0.9500	n0039 n0049 n0067		185		true
n0141	10	0.3400		n0258	171		true
n0142	10	0.4700	n0079		258		true
n0143	10	0.9600	n0058		329		true
n0144	10	0.3700	n0083	n0256 n0318	320		true
n0145	10	0.9400	n0050 n0061		291		true
n0146	10	0.4600			999		true
n0147	10	0.8100			232		true
n0148	10	0.5700	n0020	n0377	456		true
n0149	10	0.7800			1923		true
n0150	10	0.8200	n0001		328		true
n0151	10	0.3900	n0085	n0333	463		true
n0152	10	0.4900		n0334	1961		true
n0153	10	0.4000		n0276	99		true
n0154	10	0.6000		n0278	513		true
n0155	10	0.3700		n0338	445		true
n0156	10	0.6000		n0339	443		true
n0157	10	0.9200			1091		true
n0158	10	1.0000	n0030	n0341	107		true
n0159	10	0.6300	n0054	n0380	523		true
n0160	10	0.3700			203		true
n0161	10	0.9300	n0035	n0310	224		true
n0162	10	0.4500		n0343	411		true
n0163	10	0.7700		n0283	454		true
n0164	10	0.9500	n0071	n0344	631		true
n0165	10	0.3400		n0349	286		true
n0166	10	0.9400	n0073		105		true
n0167	10	0.9500			309		true
n0168	10	0.3700		n0354	508		true
n0169	10	0.4100		n0295 n0340	86		true
n0170	10	0.9400	n0093		88		true
n0171	10	0.6900	n0094	n0358	405		true
n0172	10	0.9400	n0095	n0350	980		true
n0173	10	0.9000			2105		true
n0174	10	0.5400	n0096		250		true
n0175	10	0.9600		n0360	576		true
n0176	10	0.3900		n0302	1434		true
n0177	10	0.8500	n0001		412		true
n0178	9	0.8900	n0065		27		true
n0179	9	0.8600	n0100		484		true
n0180	9	0.8800			84		true
n0181	9	0.4500	n0105		112		true
n0182	9	0.7800			230		true
n0183	9	0.7400			2488		true
n0184	9	0.8300	n0096		180		true
n0185	9	0.9200	n0105		480		true
n0186	9	0.9700	n0081		199		true
n0187	9	0.7700			262		true
n0188	9	0.9500			63		true
n0189	9	0.6600			1490		true
n0190	9	0.7200			538		true
n0191	9	0.8400		n0336	121		true
n0192	9	0.3300		n0338	425		true
n0193	9	0.7500	n0015		87		true
n0194	9	0.9500	n0030		1133		true
n0195	9	0.8900	n0018		1278		true
n0196	9	0.9600	n0071		109		true
n0197	9	0.4300			157		true
n0198	9	0.9700	n0113		512		true
n0199	9	0.7700			107		true
n0200	9	0.9600			349		true
n0201	9	0.4000		n0357	176		true
n0202	9	0.4300		n0359	866		true
n0203	9	0.8600			337		true
n0204	9	0.6000	n0001		288		true
n0205	9	0.9800	n0076		438		true
n0206	9	0.4900	n0097		821		true
n0207	9	0.7400			325		true
n0208	9	0.8600	n0116		1206		true
n0209	8	0.9200	n0078 n0099		839		true
n0210	8	0.9200	n0121		188		true
n0211	8	0.9300	n0047		226		true
n0212	8	0.3700			344		true
n0213	8	0.4200			469		true
n0214	8	0.5900			447		true
n0215	8	0.9700	n0110 n0131		376		true
n0216	8	0.8900			193		true
n0217	8	0.9100	n0107		425		true
n0218	8	0.3700			352		true
n0219	8	0.9800			788		true
n0220	8	0.6263	n0069		66		true
n0221	8	0.9000	n0080		274		true
n0222	8	0.9400	n0082		1080		true
n0223	8	0.9300	n0042		442		true
n0224	8	0.8200			1232		true
n0225	8	0.7700	n0069		146		true
n0226	8	0.8600			77		true
n0227	8	0.3900			145		true
n0228	8	0.9600			185		true
n0229	8	0.6300	n0015		193		true
n0230	8	0.9300	n0053		412		true
n0231	8	0.8300	n0054		148		true
n0232	8	0.9700	n0086		179		true
n0233	8	0.7800			277		true
n0234	8	0.8400	n0060 n0087		1272		true
n0235	8	0.5400	n0129		541		true
n0236	8	0.3500	n0016		43		true
n0237	8	0.4400			150		true
n0238	8	0.3900	n0001		763		true
n0239	8	0.9500	n0089 n0130		897		true
n0240	8	0.6500			1061		true
n0241	8	0.7000	n0072	n0373	337		true
n0242	8	0.4500			294		true
n0243	8	0.9100	n0042		233		true
n0244	8	0.9300	n0132		147		true
n0245	8	0.9100	n0092		403		true
n0246	8	0.8500			193		true
n0247	8	0.9100	n0075		103		true
n0248	8	0.6100	n0026		172		true
n0249	8	0.3500	n0045		791		true
n0250	8	0.9100			357		true
n0251	8	0.8000	n0001		92		true
n0252	8	0.8600			68		true
n0253	8	0.4300	n0001		354		true
n0254	7	0.8200	n0117		124		true
n0255	7	0.5400			220		true
n0256	7	0.6600	n0144		279		true
n0257	7	0.6186			260		true
n0258	7	0.7300	n0033 n0141		167		true
n0259	7	0.7400	n0085		160		true
n0260	7	0.3900			369		true
n0261	7	0.7200	n0064		484		true
n0262	7	0.9600	n0103		345		true
n0263	7	0.6500	n0122		47		true
n0264	7	0.3700			89		true
n0265	7	0.6400			69		true
n0266	7	0.4100			37		true
n0267	7	0.6800	n0034		625		true
n0268	7	0.6900	n0021		95		true
n0269	7	0.4700	n0083		118		true
n0270	7	0.3600	n0015		60		true
n0271	7	0.3800			237		true
n0272	7	0.3333	n0040		1253		true
n0273	7	0.7300	n0052		707		true
n0274	7	0.4900	n0108		171		true
n0275	7	0.5500			466		true
n0276	7	0.6300	n0153		60		true
n0277	7	0.4100	n0009		551		true
n0278	7	0.6100	n0070 n0154		505		true
n0279	7	0.5200	n0029		166		true
n0280	7	0.6600			159		true
n0281	7	0.6900			2585		true
n0282	7	0.5100			371		true
n0283	7	0.8283	n0163		416		true
n0284	7	0.8100			236		true
n0285	7	0.7700	n0001 n0032		477		true
n0286	7	0.3400	n0001		328		true
n0287	7	0.6300	n0088		719		true
n0288	7	0.7700	n0012		107		true
n0289	7	0.5400	n0024 n0111		79		true
n0290	7	0.6300	n0062		604		true
n0291	7	0.8800	n0112		199		true
n0292	7	0.8500	n0090		869		true
n0293	7	0.6400	n0091		397		true
n0294	7	0.7700			524		true
n0295	7	0.4500	n0169		41		true
n0296	7	0.4200			292		true
n0297	7	0.3600			236		true
n0298	7	0.7600			1876		true
n0299	7	0.3900			2072		true
n0300	7	0.4400	n0001		760		true
n0301	7	0.7800	n0001		131		true
n0302	7	0.5300	n0176		1387		true
n0303	7	0.6500			163		true
n0304	7	0.3400	n0001		150		true
n0305	7	0.5300	n0116		2225		true
n0306	7	0.3300	n0097		1096		true
n0307	7	0.5800	n0137		175		true
n0308	7	0.8400	n0138		108		true
n0309	6	0.4000	n0046		205		true
n0310	6	0.3600	n0161		185		true
n0311	6	0.7900	n0047		543		true
n0312	6	0.4000			55		true
n0313	6	0.4343	n0057		246		true
n0314	6	0.8000			208		true
n0315	6	0.6700	n0106		38		true
n0316	6	0.5758	n0028		78		true
n0317	6	0.3700	n0064		186		true
n0318	6	0.3300	n0144		153		true
n0319	6	0.8300			290		true
n0320	6	0.6500			219		true
n0321	6	0.6566	n0062		1268		true
n0322	6	0.3300	n0080		227		true
n0323	6	0.5800	n0072		302		true
n0324	6	0.3300			169		true
n0325	6	0.4000	n0082		112		true
n0326	6	0.6800	n0106		149		true
n0327	6	0.3500			393		true
n0328	6	0.5200	n0020		666		true
n0329	6	0.7100			262		true
n0330	6	0.5800			2073		true
n0331	6	0.4000	n0070		76		true
n0332	6	0.6600	n0060		300		true
n0333	6	0.5800	n0151		399		true
n0334	6	0.6800	n0152		1956		true
n0335	6	0.5200	n0125		362		true
n0336	6	0.7000	n0191		111		true
n0337	6	0.5100			268		true
n0338	6	0.8100	n0155 n0192		419		true
n0339	6	0.5700	n0156		403		true
n0340	6	0.3636	n0169		70		true
n0341	6	0.4021	n0158		107		true
n0342	6	0.3400	n0127		198		true
n0343	6	0.8100	n0162		87		true
n0344	6	0.5200	n0164		631		true
n0345	6	0.5100			40		true
n0346	6	0.4500	n0001		287		true
n0347	6	0.3600	n0001		233		true
n0348	6	0.7576	n0077		487		true
n0349	6	0.4200	n0165		217		true
n0350	6	0.3900	n0172		153		true
n0351	6	0.7500			115		true
n0352	6	0.5657			631		true
n0353	6	0.6364	n0001		57		true
n0354	6	0.5100	n0168		269		true
n0355	6	0.3300			1977		true
n0356	6	0.5900	n0133		206		true
n0357	6	0.6200	n0201		73		true
n0358	6	0.6300	n0171		90		true
n0359	6	0.8000	n0114 n0202		221		true
n0360	6	0.7071	n0175		529		true
n0361	6	0.5700	n0077		155		true
n0362	5	0.5800			38		true
n0363	5	0.3500			149		true
n0364	5	0.3333			207		true
n0365	5	0.4500	n0078		85		true
n0366	5	0.3469	n0048		251		true
n0367	5	0.5204	n0035		57		true
n0368	5	0.3900			478		true
n0369	5	0.3535	n0027		53		true
n0370	5	0.4600	n0103		276		true
n0371	5	0.4400	n0120		34		true
n0372	5	0.3878	n0128		232		true
n0373	5	0.4500	n0241		239		true
n0374	5	0.4400	n0001		1257		true
n0375	5	0.4900	n0098		156		true
n0376	5	0.3500	n0076		117		true
n0377	5	0.7600	n0148		416		true
n0378	5	0.3300			54		true
n0379	5	0.8100	n0127		244		true
n0380	5	0.5200	n0159		449		true
n0381	5	0.4600			356		true
n0382	5	0.4400	n0061		260		true
n0383	5	0.5500			36		true
n0384	5	0.4000	n0093		72		true
n0385	5	0.4000	n0001		60		true
n0386	5	0.5300	n0097		112		true
n0387	5	0.4800			106		true
n0388	5	0.5700	n0001		76		true
n0389	5	0.4700			2098		true
n0390	5	0.6500	n0097		739		true
