node	label_A	label_B	name_A	name_B
n0013	procedure	v5	Cell cycle	Cell cycle progression and control
n0016	procedure	v5	Triglyceride-rich lipoprotein lipolysis and remodeling	Lipoprotein lipase-mediated triglyceride lipolysis
n0067	v5	procedure	Epithelial cell junctions and adhesion dynamics	Epithelial junctions and plasticity
n0086	procedure	v5	Steroid hormone receptor signaling and response	Steroid hormone receptor transcriptional response
n0103	v5	procedure	Th17 and Th1 lineage differentiation control	CD4 T-helper cell differentiation and lineage commitment
n0106	v5	procedure	RUNX and Notch control of myeloid differentiation	Transcriptional control of hematopoietic lineage commitment
n0180	procedure	v5	Endothelial mechanical and adhesive signaling	Endothelial mechanical and adhesive signaling
n0193	v5	procedure	Taste sensory transduction	Sensory transduction by ion channels
n0216	v5	procedure	Cytoskeletal transport of organelles and cargo	Cytoskeletal transport of organelles and cargo
n0241	procedure	v5	Chromatin protein loading and chromosome condensation/cohesion	Mitotic chromosome condensation and cohesion
n0273	procedure	v5	DNA damage and strand break repair	NEIL3-associated DNA lesion repair
n0295	v5	procedure	Nuclear export of RNA and protein	mRNA surveillance and nucleocytoplasmic transport
n0314	v5	procedure	Actin-driven membrane protrusion and pathogen entry	Actin-driven membrane remodeling in uptake and invasion
n0353	procedure	v5	Allergic hypersensitivity and IL-33 signalling	Allergic and IL-33-driven immune activation
n0365	procedure	v5	UNNAMEABLE	Glucose-regulated insulin secretion
n0367	procedure	v5	Hematopoietic lineage commitment and progenitor regulation	Hematopoietic and lymphocyte lineage commitment
n0372	procedure	v5	Digestion and intestinal nutrient uptake	Digestion and intestinal nutrient uptake
n0377	v5	procedure	Potassium-driven membrane repolarization	Membrane potential regulation by ion channels
n0402	procedure	v5	Myeloid phagocytosis and leukocyte effector immunity	Myeloid phagocytosis and leukocyte effector immunity
n0407	procedure	v5	UNNAMEABLE	Bioactive lipid mediator turnover and signaling
n0415	v5	procedure	Actin cytoskeleton dynamics in cell motility	Actin cytoskeleton and adhesion dynamics in migration
n0426	v5	procedure	NK cell receptor signalling and activation control	Lymphocyte inhibitory receptor and activation control
n0440	v5	procedure	Skeletal development and osteoblast differentiation	Skeletal development and osteoblast differentiation
n0446	procedure	v5	Vesicle-mediated membrane trafficking	Vesicle-mediated membrane trafficking
n0467	v5	procedure	Neuronal outgrowth and guidance	Neuronal outgrowth and guidance
n0487	procedure	v5	Innate bacterial sensing and antigen presentation	Innate sensing and control of intracellular bacteria
n0515	procedure	v5	UNNAMEABLE	Cell motility and projection dynamics
n0522	v5	procedure	Chromosome end replication and maintenance	Chromosome organization and telomere maintenance
n0539	v5	procedure	Neuroendocrine regulation of growth and metabolism	Neuroendocrine regulation of growth and metabolism
n0540	v5	procedure	Cadherin adhesion and TGFBR3 signalling regulation	Cadherin adhesion and TGFBR3 signalling regulation
n0557	procedure	v5	Mesangial and mesenchymal signalling in glomerular development	Mesangial and mesenchymal signalling in glomerular development
n0571	procedure	v5	UNNAMEABLE	Innate recognition of microbial molecules and signalling
n0581	procedure	v5	UNNAMEABLE	Chromatin protein targeting and organization control
n0598	v5	procedure	Lipid metabolism and secretory trafficking	UNNAMEABLE
n0660	v5	procedure	Type I interferon signaling and its regulation	Type I interferon signaling and antiviral response
n0661	v5	procedure	Mitochondrial dynamics and organization	Mitochondrial dynamics and organization
n0714	v5	procedure	Amino acid metabolism and glycine conjugation	Amino acid and organic acid metabolism
n0752	procedure	v5	Lipoprotein particle biology	Lipoprotein particle biology
n0778	procedure	v5	Platelet activation and hemostatic signalling	Platelet activation and adhesion signalling
n0795	v5	procedure	Cofactor and non-proteinogenic amino acid metabolism	UNNAMEABLE
