kind	parent	parent_name	child	child_name
missed_edge	n0738	Glomerular endothelial vasculature development	n0000	Renal tubule and ureter morphogenesis
missed_edge	n0340	Cardiac conduction system development	n0001	Ventricular wall growth and trabeculation
missed_edge	n0582	Xenobiotic and small-molecule conjugation metabolism	n0004	Xenobiotic biotransformation, conjugation and transport
missed_edge	n0698	Bilirubin and heme catabolism	n0004	Xenobiotic biotransformation, conjugation and transport
missed_edge	n0304	Mucopolysaccharide and glycoprotein degradation disorders	n0005	Glycosaminoglycan and glycoprotein metabolism
missed_edge	n0582	Xenobiotic and small-molecule conjugation metabolism	n0006	Monoamine metabolism and transport
missed_edge	n0693	Lipid metabolism in neurodegeneration and atherosclerosis	n0007	Amyloid-beta and tau pathology regulation
missed_edge	n0214	DNA damage checkpoint signalling	n0009	Base excision repair
missed_edge	n0482	Mitotic checkpoint surveillance	n0010	Cyclin-CDK activity control
missed_edge	n0343	Mitochondrial fission and fusion	n0011	PINK1-Parkin mitophagy pathway
missed_edge	n0322	Extracellular matrix remodelling in vessels	n0012	Vascular smooth muscle phenotype switching
missed_edge	n0787	Endothelial barrier and quiescence maintenance	n0012	Vascular smooth muscle phenotype switching
missed_edge	n0234	LDL and VLDL particle remodeling	n0015	Triglyceride-rich lipoprotein remodeling and clearance
missed_edge	n0157	Chaperone-assisted protein and tubulin folding	n0016	Chaperone-mediated protein aggregate clearance
missed_edge	n0617	GPCR-linked eicosanoid signal transduction	n0018	Specialized pro-resolving lipid mediator biosynthesis
missed_edge	n0408	Spindle assembly checkpoint regulation	n0019	APC/C-mediated mitotic exit
missed_edge	n0058	Oxidative and chemical stress response with ferroptosis regulation	n0020	Oxidative stress response and antioxidant defence
missed_edge	n0518	Post-recombination gap-filling synthesis	n0024	Translesion DNA synthesis
missed_edge	n0102	Telomere-driven genome instability	n0025	Telomere length regulation and protein recruitment
missed_edge	n0042	TGF-beta/BMP-SMAD signalling	n0027	TGF-beta/BMP-SMAD signalling regulation
missed_edge	n0114	Muscle contraction and potassium homeostasis	n0028	Calcium-mediated contraction control
missed_edge	n0017	Angiotensin II receptor signaling	n0030	Renin-angiotensin blood pressure regulation
missed_edge	n0547	Phosphate group transport and metabolism	n0031	Nucleotide biosynthesis pathways
missed_edge	n0753	Nucleotide metabolism disorders	n0031	Nucleotide biosynthesis pathways
missed_edge	n0796	Chromosome segregation checkpoint control	n0032	Germ cell meiosis and fertilisation
missed_edge	n0437	GCN2-mediated amino acid stress signaling	n0035	ER stress cross-talk with GCN2
missed_edge	n0224	Fibrinolysis and clot regulation	n0037	Coagulation factor activation cascade
missed_edge	n0405	Coagulation factor activation	n0037	Coagulation factor activation cascade
missed_edge	n0309	Host cell subversion by viral proteins	n0038	Host-dependent viral replication and assembly
missed_edge	n0789	Viral entry and virion assembly	n0038	Host-dependent viral replication and assembly
missed_edge	n0091	Sinoatrial node development and cardiac conduction	n0039	Cardiac conduction system electrophysiology
missed_edge	n0292	Ion channel modulation of cardiac potentials	n0039	Cardiac conduction system electrophysiology
missed_edge	n0526	Cardiac chamber and valve morphogenesis	n0040	Cardiac and skeletal muscle patterning
missed_edge	n0679	Cardiac and skeletal muscle growth regulation	n0040	Cardiac and skeletal muscle patterning
missed_edge	n0683	Muscle adaptation to exercise stress	n0040	Cardiac and skeletal muscle patterning
missed_edge	n0381	Photoreceptor structural biogenesis	n0044	Photoreceptor outer segment renewal
missed_edge	n0712	Chemosensory and mechanosensory receptors	n0044	Photoreceptor outer segment renewal
missed_edge	n0211	miRNA-mediated mRNA silencing and turnover	n0045	microRNA biogenesis and silencing
missed_edge	n0596	Amino acid and micronutrient metabolism	n0046	Circadian clock gene expression
missed_edge	n0092	Origin licensing and pre-replication complex assembly	n0047	DNA replication elongation
missed_edge	n0468	DNA polymerase-mediated repair synthesis	n0047	DNA replication elongation
missed_edge	n0037	Coagulation factor activation cascade	n0051	Coagulation factor deficiency disorders
missed_edge	n0031	Nucleotide biosynthesis pathways	n0052	Nucleoside and analogue metabolism
missed_edge	n0522	Cross-bridge cycling regulation	n0054	Cardiac and skeletal muscle contraction regulation
missed_edge	n0635	Excitation-contraction coupling	n0054	Cardiac and skeletal muscle contraction regulation
missed_edge	n0697	Sarcomere structure and contractile mechanics	n0054	Cardiac and skeletal muscle contraction regulation
missed_edge	n0391	DNA damage repair from oxidative stress	n0058	Oxidative and chemical stress response with ferroptosis regulation
missed_edge	n0666	Mitochondrial redox and ROS balance	n0058	Oxidative and chemical stress response with ferroptosis regulation
missed_edge	n0323	Nephron development and patterning	n0059	Nephron and renal tract morphogenesis
missed_edge	n0417	Ubiquitin-tagged substrate degradation	n0062	Ubiquitin-proteasome protein degradation
missed_edge	n0775	Chaperone-mediated protein quality control	n0062	Ubiquitin-proteasome protein degradation
missed_edge	n0148	Platelet dense and alpha granule secretion	n0064	Platelet activation and thrombin/PAR signalling in hemostasis
missed_edge	n0540	Beta-cell glucose sensing and mass regulation	n0066	Insulin secretion signal integration
missed_edge	n0629	Insulin granule exocytosis	n0066	Insulin secretion signal integration
missed_edge	n0149	Prostaglandin and eicosanoid signalling	n0067	Arachidonic acid eicosanoid biosynthesis
missed_edge	n0094	Rho GTPase-mediated stress fiber formation	n0068	RhoA GTP-GDP cycling
missed_edge	n0305	Galactose metabolism	n0071	Lysosomal glycan catabolism
missed_edge	n0105	Protein phosphorylation	n0073	Regulation of phosphatase-mediated dephosphorylation
missed_edge	n0469	GABA and neuroactive amino acid metabolism	n0074	Amino acid biosynthesis and degradation
missed_edge	n0677	Amino acid and small solute transport	n0074	Amino acid biosynthesis and degradation
missed_edge	n0524	De novo nucleotide biosynthesis	n0075	Deoxyribonucleotide metabolism and salvage
missed_edge	n0787	Endothelial barrier and quiescence maintenance	n0076	Endothelial control of leukocyte adhesion
missed_edge	n0320	Interferon-stimulated antiviral effector genes	n0077	cGAS/RIG-I-driven type I interferon induction
missed_edge	n0702	Anterior neuroectoderm and body axis patterning	n0078	Gastrulation and body axis formation
missed_edge	n0747	Somitogenesis and axial segmentation	n0078	Gastrulation and body axis formation
missed_edge	n0189	Vasopressin-mediated water reabsorption	n0079	Cellular osmotic and salt stress response
missed_edge	n0345	Notch signalling in organ development	n0080	Notch pathway in organogenesis
missed_edge	n0638	Wnt and Hedgehog signalling in development	n0080	Notch pathway in organogenesis
missed_edge	n0440	Innate myeloid immune receptor signalling	n0082	Leukocyte effector immunity and degranulation
missed_edge	n0483	Myeloid phagocyte effector function	n0082	Leukocyte effector immunity and degranulation
missed_edge	n0036	Peroxisomal fatty acid beta-oxidation	n0083	Long-chain and very long-chain fatty acid metabolism
missed_edge	n0429	Xenobiotic conjugation reactions	n0084	Xenobiotic and drug metabolism
missed_edge	n0682	Strand invasion intermediate repair	n0086	Homologous recombination repair of DNA double-strand breaks
missed_edge	n0369	ERBB2 and RTK-driven oncogenic signalling	n0089	Oncogenic kinase signalling by mutant and fusion proteins
missed_edge	n0492	Cardiac electrical excitability and coupling	n0091	Sinoatrial node development and cardiac conduction
missed_edge	n0471	CD4 T cell priming and costimulation	n0093	CD4 T-helper subset differentiation
missed_edge	n0346	Ras GTPase effector signaling	n0094	Rho GTPase-mediated stress fiber formation
missed_edge	n0004	Xenobiotic biotransformation, conjugation and transport	n0095	Xenobiotic and steroid biotransformation and transport
missed_edge	n0700	Bile acid and alcohol biosynthesis	n0096	Bile acid receptor-mediated homeostasis
missed_edge	n0438	Intestinal lipid and cholesterol absorption	n0098	Dietary lipid absorption and lipoprotein assembly
missed_edge	n0779	Triglyceride synthesis and packaging	n0098	Dietary lipid absorption and lipoprotein assembly
missed_edge	n0805	Lipoprotein remodeling and transfer	n0098	Dietary lipid absorption and lipoprotein assembly
missed_edge	n0357	T-helper 1/2 differentiation and response	n0099	Th17 and Treg lineage commitment
missed_edge	n0372	NK and gamma-delta T cell cytotoxicity	n0101	Cytotoxic lymphocyte activation control
missed_edge	n0648	Lymphocyte effector cytokine secretion regulation	n0101	Cytotoxic lymphocyte activation control
missed_edge	n0183	Telomere maintenance	n0102	Telomere-driven genome instability
missed_edge	n0718	Telomere-linked senescence and genome stability	n0102	Telomere-driven genome instability
missed_edge	n0214	DNA damage checkpoint signalling	n0104	Homologous recombination repair
missed_edge	n0070	Cell cycle checkpoint control	n0106	Checkpoint-driven phase transitions
missed_edge	n0002	Meiotic germ cell division	n0107	Gametogenesis and gonadal development
missed_edge	n0318	Meiotic progression and gonadal maturation	n0107	Gametogenesis and gonadal development
missed_edge	n0468	DNA polymerase-mediated repair synthesis	n0108	Coordinated replication-repair synthesis
missed_edge	n0792	Mismatch repair coupled recombination	n0108	Coordinated replication-repair synthesis
missed_edge	n0209	Meiotic chromosome segregation	n0109	Centrosome and spindle positioning
missed_edge	n0528	Spindle midzone and contractile ring assembly	n0109	Centrosome and spindle positioning
missed_edge	n0403	Immune cell differentiation and inflammatory signalling	n0110	Osteoclast differentiation and bone remodeling regulation
missed_edge	n0639	Skeletal ossification and growth plate development	n0110	Osteoclast differentiation and bone remodeling regulation
missed_edge	n0556	Aldosterone-mediated sodium and water regulation	n0111	Sodium and potassium ion transport
missed_edge	n0596	Amino acid and micronutrient metabolism	n0111	Sodium and potassium ion transport
missed_edge	n0268	Nucleoside/nucleotide transporter function	n0113	Phosphate ion metabolism
missed_edge	n0552	ATP homeostasis and energy metabolism	n0113	Phosphate ion metabolism
missed_edge	n0054	Cardiac and skeletal muscle contraction regulation	n0114	Muscle contraction and potassium homeostasis
missed_edge	n0508	Myosin light chain phosphorylation control	n0114	Muscle contraction and potassium homeostasis
missed_edge	n0426	Transcription-coupled NER pathway	n0115	Transcription-coupled nucleotide excision repair
missed_edge	n0267	Actin-driven membrane ruffling and macropinocytosis	n0116	Arp2/3-mediated actin nucleation and lamellipodium formation
missed_edge	n0577	Mitochondrial RNA transcription and processing	n0117	RNA polymerase I and III rRNA transcription
missed_edge	n0314	Junction assembly regulatory proteins	n0118	Apical cell-cell junction organization
missed_edge	n0243	Nucleotide sugar metabolism	n0121	Amino sugar catabolism
missed_edge	n0245	Sialic acid catabolism	n0121	Amino sugar catabolism
missed_edge	n0643	Ureteric bud and collecting duct development	n0122	Nephron and collecting duct morphogenesis
missed_edge	n0626	Hormone-driven puberty and sexual maturation	n0123	Sex hormone-driven pubertal changes
missed_edge	n0674	Circadian and light-responsive signalling	n0123	Sex hormone-driven pubertal changes
missed_edge	n0722	Chamber septation and valve formation	n0124	Heart looping and chamber formation
missed_edge	n0596	Amino acid and micronutrient metabolism	n0126	Electron transport chain complex regulation
missed_edge	n0626	Hormone-driven puberty and sexual maturation	n0129	Mammary gland development
missed_edge	n0697	Sarcomere structure and contractile mechanics	n0130	Myofibril assembly and maturation
missed_edge	n0057	Satellite cell proliferation and differentiation	n0131	Myogenic transcription factor regulation
missed_edge	n0527	Muscle stem cell homeostasis	n0131	Myogenic transcription factor regulation
missed_edge	n0274	Hematopoietic and immune cell differentiation	n0132	Regulation of progenitor proliferation and self-renewal
missed_edge	n0123	Sex hormone-driven pubertal changes	n0135	Steroid hormone receptor transcriptional regulation
missed_edge	n0777	Gap junction and electrical coupling	n0138	Paranodal axon-glial junction assembly
missed_edge	n0455	Nutritional immunity and metal sequestration	n0139	Antimicrobial peptide defence
missed_edge	n0588	Ciliary regulation of embryonic patterning	n0140	Motile cilia assembly and beat regulation
missed_edge	n0454	TLR3/TLR4-mediated IRF3 activation	n0141	Endosomal nucleic acid-sensing TLR signalling
missed_edge	n0011	PINK1-Parkin mitophagy pathway	n0142	Mitophagy and pexophagy
missed_edge	n0610	Receptor-mediated mitophagy	n0142	Mitophagy and pexophagy
missed_edge	n0188	Beta cell glucose sensing and insulin release	n0144	Systemic glucose homeostasis
missed_edge	n0240	MHC-restricted antigen presentation and viral immune evasion	n0145	Antigen presentation and T cell recognition
missed_edge	n0405	Coagulation factor activation	n0148	Platelet dense and alpha granule secretion
missed_edge	n0617	GPCR-linked eicosanoid signal transduction	n0149	Prostaglandin and eicosanoid signalling
missed_edge	n0474	Nuclear mRNP export and quality control	n0150	Nucleocytoplasmic export of RNA and protein cargo
missed_edge	n0723	Nucleocytoplasmic transport and viral exploitation of export machinery	n0150	Nucleocytoplasmic export of RNA and protein cargo
missed_edge	n0806	Glomerular capillary development and filtration	n0151	PDGF receptor signalling in mesangial precursors
missed_edge	n0218	cAMP-PKA signal transduction	n0153	Calcium-cAMP-CREB signalling
missed_edge	n0630	cAMP effector signalling	n0153	Calcium-cAMP-CREB signalling
missed_edge	n0501	Gap junction and electrical coupling	n0155	Voltage-gated ion channel function
missed_edge	n0635	Excitation-contraction coupling	n0155	Voltage-gated ion channel function
missed_edge	n0319	mRNA transcription and splicing coupling	n0158	Spliceosome assembly and 3' end formation
missed_edge	n0549	Calcineurin-NFAT hypertrophic signaling	n0160	Calcineurin-NFAT feedback regulation
missed_edge	n0635	Excitation-contraction coupling	n0160	Calcineurin-NFAT feedback regulation
missed_edge	n0754	Calcium sensitivity of contractile filaments	n0160	Calcineurin-NFAT feedback regulation
missed_edge	n0658	Interferon and JAK-STAT receptor signalling	n0161	Non-interferon cytokine receptor signalling
missed_edge	n0461	Amino acid metabolism for translation	n0162	Cytoplasmic translation initiation and ribosome assembly
missed_edge	n0756	mRNA and protein quality surveillance	n0162	Cytoplasmic translation initiation and ribosome assembly
missed_edge	n0073	Regulation of phosphatase-mediated dephosphorylation	n0163	Serine/threonine kinase signalling regulation
missed_edge	n0397	Kinase feedback inhibition control	n0163	Serine/threonine kinase signalling regulation
missed_edge	n0712	Chemosensory and mechanosensory receptors	n0165	Phototransduction cascade
missed_edge	n0504	HDL metabolism and cellular cholesterol efflux	n0166	Macrophage cholesterol handling in foam cell formation
missed_edge	n0458	Chromatin remodeling in imprinted loci	n0167	Imprinted locus epigenetic memory
missed_edge	n0654	Neurodegenerative proteinopathy and glial fate regulation	n0169	Gliogenesis and glial proliferation control
missed_edge	n0495	Tight and adherens junction assembly	n0170	Adhesion complex assembly
missed_edge	n0316	NF-kB-driven inflammatory gene induction	n0171	Inflammatory caspase activation
missed_edge	n0202	Regional brain patterning outcomes	n0173	Anteroposterior neural tube patterning
missed_edge	n0318	Meiotic progression and gonadal maturation	n0174	Gonadotropin signalling in the ovulatory cycle
missed_edge	n0515	Receptor endocytic trafficking and signal attenuation	n0176	Receptor internalization, recycling and degradation
missed_edge	n0053	Mesoderm subdivision and patterning	n0179	Mesoderm and cardiac fate specification
missed_edge	n0233	Cholesterol and HDL transport regulation	n0181	Cellular cholesterol homeostasis
missed_edge	n0797	DNA damage response checkpoints	n0183	Telomere maintenance
missed_edge	n0241	Intestinal lipid digestion and absorption	n0184	Intestinal protein and carbohydrate digestion
missed_edge	n0604	Digestive nutrient uptake and sugar transport	n0184	Intestinal protein and carbohydrate digestion
missed_edge	n0807	Macrophage cytokine-driven inflammatory activation	n0185	Macrophage TLR-driven inflammatory activation and its negative regulation
missed_edge	n0319	mRNA transcription and splicing coupling	n0186	RNA polymerase II transcription initiation and elongation
missed_edge	n0463	Meiotic chromosome and spindle dynamics	n0187	Meiotic recombination and segregation
missed_edge	n0388	Aldosterone-driven osmotic balance	n0189	Vasopressin-mediated water reabsorption
missed_edge	n0202	Regional brain patterning outcomes	n0191	Forebrain and cerebellar neurodevelopment
missed_edge	n0189	Vasopressin-mediated water reabsorption	n0193	Systemic fluid balance regulation
missed_edge	n0226	Aquaporin-mediated water transport	n0193	Systemic fluid balance regulation
missed_edge	n0264	Branched-chain amino acid catabolic disorders	n0195	Mitochondrial amino acid and nucleobase catabolism to citric acid cycle intermediates
missed_edge	n0703	Small-molecule carbohydrate and glycerol metabolism	n0196	Hexose and monosaccharide transport
missed_edge	n0649	Nucleocytoplasmic RNA and protein trafficking	n0197	Chromatin, transcription and nuclear gene expression
missed_edge	n0625	B lymphocyte identity and adaptive humoral immunity	n0198	B lymphocyte developmental stages
missed_edge	n0355	Endoderm epithelial cell fate specification	n0199	Endoderm-derived epithelial differentiation
missed_edge	n0631	Endoderm-derived organ morphogenetic patterning	n0199	Endoderm-derived epithelial differentiation
missed_edge	n0516	Apical polarity and microvillus morphogenesis	n0200	Cortical actomyosin polarity establishment
missed_edge	n0076	Endothelial control of leukocyte adhesion	n0201	Endothelial shear stress mechanotransduction
missed_edge	n0770	Neural tube patterning outcomes	n0202	Regional brain patterning outcomes
missed_edge	n0460	Mitochondrial urea and cofactor metabolism	n0203	Mitochondrial amino acid metabolism
missed_edge	n0712	Chemosensory and mechanosensory receptors	n0204	Mechanosensory and chemosensory transduction
missed_edge	n0805	Lipoprotein remodeling and transfer	n0205	HDL reverse cholesterol transport
missed_edge	n0408	Spindle assembly checkpoint regulation	n0206	Spindle assembly checkpoint signaling
missed_edge	n0506	Mitotic chromosome segregation fidelity	n0206	Spindle assembly checkpoint signaling
missed_edge	n0001	Ventricular wall growth and trabeculation	n0208	Heart morphogenesis
missed_edge	n0614	Spindle microtubule and cytokinetic apparatus assembly	n0209	Meiotic chromosome segregation
missed_edge	n0172	Nonsense-mediated mRNA decay	n0211	miRNA-mediated mRNA silencing and turnover
missed_edge	n0788	mRNA surveillance and decay	n0212	rRNA synthesis and modification
missed_edge	n0235	Steroid and peptide hormone secretion regulation	n0213	Sex hormone biosynthesis and differentiation
missed_edge	n0481	Cyclic GMP-PKG signalling	n0218	cAMP-PKA signal transduction
missed_edge	n0055	Cornified envelope formation and keratinization	n0219	Epidermal and hair follicle differentiation
missed_edge	n0364	Angiogenesis in wound healing	n0221	Regulation of VEGF-driven angiogenesis
missed_edge	n0453	VEGF-mediated angiogenic sprouting	n0221	Regulation of VEGF-driven angiogenesis
missed_edge	n0533	Neuronal morphogenesis in synapse maturation	n0223	Dendritic morphogenesis and synaptic signalling
missed_edge	n0559	SREBP-mediated sterol sensing response	n0227	Positive regulation of lipid biosynthesis
missed_edge	n0734	Fasting-induced lipolysis and ketogenesis	n0227	Positive regulation of lipid biosynthesis
missed_edge	n0341	Sister chromatid cohesion and chromatin organization	n0229	Mitotic chromosome condensation and cohesion
missed_edge	n0403	Immune cell differentiation and inflammatory signalling	n0230	Viral entry and ER protein targeting
missed_edge	n0709	Viral entry and protein targeting to the ER membrane	n0230	Viral entry and ER protein targeting
missed_edge	n0035	ER stress cross-talk with GCN2	n0237	General ER stress and UPR overview
missed_edge	n0764	Mitotic spindle and cytokinesis apparatus	n0238	Chromosome segregation regulation
missed_edge	n0493	Bone matrix glycosylation	n0242	Skeletal tissue mineralization and development
missed_edge	n0071	Lysosomal glycan catabolism	n0243	Nucleotide sugar metabolism
missed_edge	n0804	Mitochondrial outer membrane permeabilization	n0244	Bcl-2 family regulation of MOMP
missed_edge	n0539	Epithelial and stromal cell migration in wound healing	n0248	Cell-matrix adhesion dynamics
missed_edge	n0487	Chromatin structure and repair	n0249	DNA damage response and genome maintenance
missed_edge	n0566	Muscle growth and differentiation regulation	n0250	Skeletal muscle development and regeneration
missed_edge	n0333	Sulfur amino acid metabolism	n0253	Non-sulfur amino acid metabolism
missed_edge	n0294	AU-rich element mediated mRNA stability	n0254	mRNA decay pathway mechanisms
missed_edge	n0410	RTK signalling to PI3K/AKT axis	n0255	PI3K/AKT signalling
missed_edge	n0788	mRNA surveillance and decay	n0256	Ribosomal subunit assembly
missed_edge	n0392	FGFR signalling via PI3K and RAS/MAPK	n0259	PI3K and RAS/MAPK signalling
missed_edge	n0376	Proteoglycan turnover and remodeling	n0262	Skeletal dysplasias from glycosaminoglycan defects
missed_edge	n0074	Amino acid biosynthesis and degradation	n0266	Neutral amino acid membrane transport
missed_edge	n0620	Actin-mediated pathogen entry and phagosome subversion	n0267	Actin-driven membrane ruffling and macropinocytosis
missed_edge	n0447	Nucleotide and phosphate group metabolism	n0268	Nucleoside/nucleotide transporter function
missed_edge	n0535	Nucleotide biosynthesis and ATP homeostasis	n0268	Nucleoside/nucleotide transporter function
missed_edge	n0676	Phosphoinositide and nucleotide signaling metabolism	n0268	Nucleoside/nucleotide transporter function
missed_edge	n0763	Glucose and lipid metabolic regulation	n0269	Adipocyte differentiation and fat mass regulation
missed_edge	n0720	IL-1 and TNF-driven inflammatory signaling	n0271	Alarmin-driven neutrophil and type 2 inflammatory signalling
missed_edge	n0751	Chromosome segregation in mitosis	n0272	Cell cycle checkpoint control
missed_edge	n0144	Systemic glucose homeostasis	n0276	Beta cell transcriptional identity
missed_edge	n0452	Beta cell ion channel signaling	n0276	Beta cell transcriptional identity
missed_edge	n0290	Wnt and Hedgehog pathway components	n0279	Wnt pathway components
missed_edge	n0727	TGF-beta family receptor signalling	n0280	TGF-beta superfamily signalling regulation
missed_edge	n0378	Neurite and cell shape morphogenesis	n0282	Neuronal projection outgrowth and regeneration
missed_edge	n0560	Glycolysis and TCA cycle regulation	n0283	Central carbon and small-metabolite metabolism
missed_edge	n0281	IL-1-driven leukocyte recruitment	n0284	IL-1-driven inflammatory response
missed_edge	n0562	CD4 T cell activation and proliferation	n0285	T cell receptor-driven activation
missed_edge	n0173	Anteroposterior neural tube patterning	n0287	Anteroposterior neural tube patterning
missed_edge	n0596	Amino acid and micronutrient metabolism	n0288	Glycoconjugate and carbohydrate metabolism
missed_edge	n0638	Wnt and Hedgehog signalling in development	n0290	Wnt and Hedgehog pathway components
missed_edge	n0489	Meiotic division machinery	n0291	Mitotic chromosome segregation
missed_edge	n0652	Cardiac action potential dynamics	n0292	Ion channel modulation of cardiac potentials
missed_edge	n0033	Germ layer patterning and cell fate commitment	n0293	Gastrulation movements and axis formation
missed_edge	n0289	Endothelial cell response to shear and hypoxia	n0295	Vascular and lymphatic endothelial growth regulation
missed_edge	n0663	Hypoxia-driven vascular remodelling	n0295	Vascular and lymphatic endothelial growth regulation
missed_edge	n0596	Amino acid and micronutrient metabolism	n0296	Glycolysis and redox cofactor metabolism
missed_edge	n0471	CD4 T cell priming and costimulation	n0297	CD8 T cell differentiation and activation
missed_edge	n0728	TCR signaling and general T cell activation	n0297	CD8 T cell differentiation and activation
missed_edge	n0452	Beta cell ion channel signaling	n0299	Beta cell differentiation and maturation
missed_edge	n0217	Gustatory and mechanosensory taste perception	n0300	Sensory stimulus transduction channels
missed_edge	n0439	Sensory perception of light and sound	n0300	Sensory stimulus transduction channels
missed_edge	n0358	Hedgehog signaling	n0301	Canonical Wnt transcriptional activation
missed_edge	n0353	Mitochondrial gene expression and protein complex assembly	n0302	Mitochondrial DNA replication and repair
missed_edge	n0262	Skeletal dysplasias from glycosaminoglycan defects	n0304	Mucopolysaccharide and glycoprotein degradation disorders
missed_edge	n0465	Sphingolipid and glycosphingolipid metabolism	n0304	Mucopolysaccharide and glycoprotein degradation disorders
missed_edge	n0403	Immune cell differentiation and inflammatory signalling	n0306	Lipid mediator and GPCR-linked inflammatory signalling
missed_edge	n0230	Viral entry and ER protein targeting	n0307	Host-virus molecular conflict
missed_edge	n0490	Golgi-derived vesicle transport	n0308	Vesicular trafficking to endosomes and lysosomes
missed_edge	n0145	Antigen presentation and T cell recognition	n0311	MHC antigen processing and presentation
missed_edge	n0162	Cytoplasmic translation initiation and ribosome assembly	n0313	Regulation of translational activity
missed_edge	n0090	Cadherin-mediated adhesion and EMT	n0314	Junction assembly regulatory proteins
missed_edge	n0495	Tight and adherens junction assembly	n0314	Junction assembly regulatory proteins
missed_edge	n0445	DNA repair and cell cycle checkpoints	n0315	Mitotic chromosome segregation fidelity
missed_edge	n0768	Viral replication and assembly	n0321	Virus-host interactions
missed_edge	n0261	Vascular remodeling in wound healing	n0322	Extracellular matrix remodelling in vessels
missed_edge	n0000	Renal tubule and ureter morphogenesis	n0323	Nephron development and patterning
missed_edge	n0143	Coagulation cascade regulation	n0324	Platelet activation and adhesion signalling
missed_edge	n0726	Integrin-mediated cell adhesion	n0324	Platelet activation and adhesion signalling
missed_edge	n0088	Leukocyte trafficking to inflamed tissue	n0326	Chemokine gradient sensing in leukocytes
missed_edge	n0551	GTPase cycle regulation by GAPs and GEFs	n0330	Small GTPase signalling regulation
missed_edge	n0317	Sensory organ development	n0332	Sensory organ physiology
missed_edge	n0750	Amino acid catabolism	n0333	Sulfur amino acid metabolism
missed_edge	n0392	FGFR signalling via PI3K and RAS/MAPK	n0336	FGFR-mediated PLC-gamma signalling
missed_edge	n0376	Proteoglycan turnover and remodeling	n0337	Collagen-based connective tissue integrity
missed_edge	n0541	Golgi to plasma membrane protein trafficking	n0338	Regulation of protein trafficking to the plasma membrane
missed_edge	n0204	Mechanosensory and chemosensory transduction	n0339	Chemosensory and photic stimulus detection
missed_edge	n0439	Sensory perception of light and sound	n0339	Chemosensory and photic stimulus detection
missed_edge	n0673	Histone deposition and nucleosome assembly	n0341	Sister chromatid cohesion and chromatin organization
missed_edge	n0602	NF-kB and NOD-like receptor signalling	n0342	TNF/NF-kappaB signalling
missed_edge	n0615	Cytokinetic ring contraction and abscission	n0347	Mitotic spindle assembly
missed_edge	n0223	Dendritic morphogenesis and synaptic signalling	n0349	Dendritic and neurite cytoskeletal remodeling
missed_edge	n0761	Neurite outgrowth and collapse signaling	n0349	Dendritic and neurite cytoskeletal remodeling
missed_edge	n0308	Vesicular trafficking to endosomes and lysosomes	n0350	Endosome-lysosome vesicle transport machinery
missed_edge	n0758	Nuclear-mitochondrial RNA processing crosstalk	n0353	Mitochondrial gene expression and protein complex assembly
missed_edge	n0688	Adipocyte lipid storage	n0356	Lipid droplet biogenesis and turnover
missed_edge	n0580	Cell cycle checkpoint regulation	n0361	Regulation of protein ubiquitination and turnover
missed_edge	n0645	Extracellular matrix remodelling in vascular repair	n0364	Angiogenesis in wound healing
missed_edge	n0663	Hypoxia-driven vascular remodelling	n0364	Angiogenesis in wound healing
missed_edge	n0765	Ribosome biogenesis	n0368	Ribosome biogenesis and rRNA processing
missed_edge	n0607	Craniofacial and ocular organogenesis	n0370	Cranial and pharyngeal organ development
missed_edge	n0422	Insulin-independent regulation of carbohydrate and lipid fuel switching	n0371	Hormonal cAMP/PKA control of energy metabolism
missed_edge	n0612	Glycosaminoglycan metabolic disorders	n0373	Polyol and pentose sugar metabolism
missed_edge	n0628	p53-dependent DNA repair pathways	n0374	p53-mediated apoptosis pathways
missed_edge	n0465	Sphingolipid and glycosphingolipid metabolism	n0377	Glycan, glycolipid and galactose metabolism
missed_edge	n0612	Glycosaminoglycan metabolic disorders	n0377	Glycan, glycolipid and galactose metabolism
missed_edge	n0597	Nitrogen excretion and urea cycle	n0380	Nitrogen assimilation pathways
missed_edge	n0034	Photoreceptor phototransduction biology	n0381	Photoreceptor structural biogenesis
missed_edge	n0571	Vascular tone and blood pressure regulation	n0382	Smooth muscle contraction regulation
missed_edge	n0494	Transendothelial leukocyte migration	n0383	CCR7-mediated dendritic cell and lymphocyte chemotaxis
missed_edge	n0558	Long-term potentiation signalling	n0384	Dendritic spine and postsynaptic structural plasticity
missed_edge	n0155	Voltage-gated ion channel function	n0387	Membrane excitability and ion channel regulation
missed_edge	n0556	Aldosterone-mediated sodium and water regulation	n0388	Aldosterone-driven osmotic balance
missed_edge	n0488	mRNA metabolism	n0390	Non-coding RNA processing and turnover
missed_edge	n0568	Metal ion-induced oxidative stress response	n0391	DNA damage repair from oxidative stress
missed_edge	n0598	RTK signalling via PI3K/AKT axis	n0392	FGFR signalling via PI3K and RAS/MAPK
missed_edge	n0574	Mitochondrial calcium and apoptosis regulation	n0394	BCL-2 family apoptosis regulation
missed_edge	n0278	Vesicle fusion and neurotransmitter exocytosis	n0396	Synaptic transmission and plasticity
missed_edge	n0403	Immune cell differentiation and inflammatory signalling	n0399	General hematopoietic and leukocyte lineage commitment
missed_edge	n0716	Stem and progenitor cell differentiation	n0399	General hematopoietic and leukocyte lineage commitment
missed_edge	n0524	De novo nucleotide biosynthesis	n0401	Purine catabolism
missed_edge	n0333	Sulfur amino acid metabolism	n0402	Non-sulfur amino acid metabolism
missed_edge	n0597	Nitrogen excretion and urea cycle	n0402	Non-sulfur amino acid metabolism
missed_edge	n0366	Immune cell adhesion and tissue homeostasis	n0403	Immune cell differentiation and inflammatory signalling
missed_edge	n0376	Proteoglycan turnover and remodeling	n0406	Glycosaminoglycan metabolism and lysosomal storage disorders
missed_edge	n0568	Metal ion-induced oxidative stress response	n0407	Metal ion transport regulation
missed_edge	n0742	Heavy metal and drug detoxification	n0407	Metal ion transport regulation
missed_edge	n0538	Endosome-to-secretory pathway protein sorting	n0409	Vesicular trafficking mechanisms
missed_edge	n0598	RTK signalling via PI3K/AKT axis	n0410	RTK signalling to PI3K/AKT axis
missed_edge	n0776	Mitotic chromatin and nuclear envelope dynamics	n0413	Chromatin factor recruitment and dynamics
missed_edge	n0238	Chromosome segregation regulation	n0416	Spindle assembly and cytokinetic apparatus
missed_edge	n0479	Mitochondrial biogenesis and mitophagy	n0421	Mitochondrial protein import and cristae architecture
missed_edge	n0481	Cyclic GMP-PKG signalling	n0423	cAMP metabolism enzymes
missed_edge	n0772	GPCR second-messenger signalling and behavioural response	n0424	GPCR-mediated neuromodulation
missed_edge	n0791	TAP-mediated peptide loading for MHC-I	n0425	Bacterial detection and NOD-like receptor signalling
missed_edge	n0462	Glycosylase-mediated base excision	n0426	Transcription-coupled NER pathway
missed_edge	n0795	Monocyte and neutrophil biology	n0428	Chemokine-directed leukocyte migration
missed_edge	n0746	Cardiac conduction system excitability	n0433	Cardiac action potential membrane potential regulation
missed_edge	n0478	Bile acid and cholesterol export	n0435	Lipoprotein particle assembly and clearance
missed_edge	n0694	Mitochondrial proteostasis and biogenesis	n0436	Mitochondrial quality control and maintenance
missed_edge	n0550	Sensory signal transduction	n0439	Sensory perception of light and sound
missed_edge	n0749	p53-mediated apoptosis and transcriptional regulation	n0441	p53-mediated DNA damage response regulation
missed_edge	n0273	Epidermal differentiation and appendage keratinization	n0444	Dermal collagen matrix formation
missed_edge	n0596	Amino acid and micronutrient metabolism	n0447	Nucleotide and phosphate group metabolism
missed_edge	n0651	Stress and nutrient signalling with p53	n0448	p53-mediated stress response
missed_edge	n0565	Genome maintenance and transcriptional control of proliferation	n0449	Chromatin and epigenetic regulation
missed_edge	n0367	Protein folding and turnover	n0450	Proteostasis and protein degradation
missed_edge	n0188	Beta cell glucose sensing and insulin release	n0452	Beta cell ion channel signaling
missed_edge	n0587	Cytosolic nucleic acid sensing and antiviral interferon signalling	n0454	TLR3/TLR4-mediated IRF3 activation
missed_edge	n0035	ER stress cross-talk with GCN2	n0457	UPR signal attenuation mechanisms
missed_edge	n0159	Histone and DNA marks in imprinting	n0458	Chromatin remodeling in imprinted loci
missed_edge	n0380	Nitrogen assimilation pathways	n0460	Mitochondrial urea and cofactor metabolism
missed_edge	n0519	Proteoglycan and glycoprotein biosynthesis	n0465	Sphingolipid and glycosphingolipid metabolism
missed_edge	n0366	Immune cell adhesion and tissue homeostasis	n0466	Hemostasis and platelet-mediated cell adhesion
missed_edge	n0596	Amino acid and micronutrient metabolism	n0467	Cholesterol-derived metabolite metabolism
missed_edge	n0788	mRNA surveillance and decay	n0474	Nuclear mRNP export and quality control
missed_edge	n0316	NF-kB-driven inflammatory gene induction	n0475	Death receptor complex assembly regulation
missed_edge	n0403	Immune cell differentiation and inflammatory signalling	n0476	Bacterial ligand pattern recognition receptors
missed_edge	n0672	Hepatic lipoprotein processing	n0478	Bile acid and cholesterol export
missed_edge	n0694	Mitochondrial proteostasis and biogenesis	n0479	Mitochondrial biogenesis and mitophagy
missed_edge	n0671	Pre-rRNA processing and modification	n0480	RNA processing and turnover
missed_edge	n0670	Complement and antimicrobial peptide effectors	n0483	Myeloid phagocyte effector function
missed_edge	n0505	mTOR nutrient sensing pathway	n0484	eIF2α kinase signalling
missed_edge	n0275	Small nuclear and nucleolar RNA processing and modification	n0486	rRNA and tRNA processing and modification
missed_edge	n0797	DNA damage response checkpoints	n0487	Chromatin structure and repair
missed_edge	n0545	Ribosome biogenesis and nuclear RNA processing	n0488	mRNA metabolism
missed_edge	n0662	Mitotic spindle assembly and cytokinesis	n0489	Meiotic division machinery
missed_edge	n0652	Cardiac action potential dynamics	n0492	Cardiac electrical excitability and coupling
missed_edge	n0760	Steroid hormone and fatty acid hydroxylation pathways	n0496	Steroid and vitamin D hormone metabolism
missed_edge	n0291	Mitotic chromosome segregation	n0497	Mitotic division and cytokinesis
missed_edge	n0803	Axon-glia adhesion in myelination and neural regeneration	n0498	Neurotrophin and p75/Trk signalling in neuronal injury and regeneration
missed_edge	n0724	Plasma cell antibody secretion	n0499	B cell receptor and differentiation
missed_edge	n0650	Muscle and vascular contractile physiology	n0501	Gap junction and electrical coupling
missed_edge	n0682	Strand invasion intermediate repair	n0502	Strand invasion intermediate resolution
missed_edge	n0233	Cholesterol and HDL transport regulation	n0504	HDL metabolism and cellular cholesterol efflux
missed_edge	n0651	Stress and nutrient signalling with p53	n0505	mTOR nutrient sensing pathway
missed_edge	n0291	Mitotic chromosome segregation	n0506	Mitotic chromosome segregation fidelity
missed_edge	n0759	Regulated exocytosis and secretory vesicle release	n0507	Vacuolar protein sorting pathway
missed_edge	n0695	Sensory receptor signaling mechanisms	n0513	Photoreceptor and pigmentation biology
missed_edge	n0052	Nucleoside and analogue metabolism	n0514	Nucleotide metabolism
missed_edge	n0792	Mismatch repair coupled recombination	n0518	Post-recombination gap-filling synthesis
missed_edge	n0352	Extracellular matrix glycosaminoglycan metabolism	n0519	Proteoglycan and glycoprotein biosynthesis
missed_edge	n0416	Spindle assembly and cytokinetic apparatus	n0521	Spindle checkpoint and abscission machinery
missed_edge	n0754	Calcium sensitivity of contractile filaments	n0522	Cross-bridge cycling regulation
missed_edge	n0670	Complement and antimicrobial peptide effectors	n0523	Humoral innate defence effectors
missed_edge	n0800	Phagocyte antimicrobial effector mechanisms	n0523	Humoral innate defence effectors
missed_edge	n0596	Amino acid and micronutrient metabolism	n0525	Glycerolipid and sphingolipid biosynthesis
missed_edge	n0521	Spindle checkpoint and abscission machinery	n0528	Spindle midzone and contractile ring assembly
missed_edge	n0380	Nitrogen assimilation pathways	n0529	Amino acid, nucleobase and vitamin B6 metabolism
missed_edge	n0681	DNA damage response pathways	n0532	Chromatin dynamics and mitotic genome maintenance
missed_edge	n0386	Synapse formation and structural maturation	n0533	Neuronal morphogenesis in synapse maturation
missed_edge	n0696	Nuclear and mitochondrial DNA repair	n0534	DNA damage repair
missed_edge	n0596	Amino acid and micronutrient metabolism	n0535	Nucleotide biosynthesis and ATP homeostasis
missed_edge	n0613	Isoprenoid and sterol lipid metabolism	n0537	Sphingolipid and fatty acid derivative metabolism
missed_edge	n0774	Cell adhesion and contractile machinery in tissue repair	n0539	Epithelial and stromal cell migration in wound healing
missed_edge	n0619	Post-Golgi trafficking to the plasma membrane and cilium	n0541	Golgi to plasma membrane protein trafficking
missed_edge	n0580	Cell cycle checkpoint regulation	n0546	DNA repair and chromosome segregation
missed_edge	n0317	Sensory organ development	n0550	Sensory signal transduction
missed_edge	n0447	Nucleotide and phosphate group metabolism	n0552	ATP homeostasis and energy metabolism
missed_edge	n0535	Nucleotide biosynthesis and ATP homeostasis	n0552	ATP homeostasis and energy metabolism
missed_edge	n0215	Trace mineral metabolism and transport	n0554	Fat-soluble vitamin transport and metabolism
missed_edge	n0531	Sensory perception, development and receptor biology	n0555	Sensory perception and receptor biology
missed_edge	n0242	Skeletal tissue mineralization and development	n0564	Genetic regulation of skeletal and dental development
missed_edge	n0375	Nuclear gene expression and protein biogenesis machinery	n0565	Genome maintenance and transcriptional control of proliferation
missed_edge	n0636	Smooth and cardiac muscle remodelling	n0566	Muscle growth and differentiation regulation
missed_edge	n0596	Amino acid and micronutrient metabolism	n0568	Metal ion-induced oxidative stress response
missed_edge	n0031	Nucleotide biosynthesis pathways	n0569	Nucleotide degradation and salvage
missed_edge	n0001	Ventricular wall growth and trabeculation	n0570	Cardiac looping and chamber formation
missed_edge	n0689	Lymphocyte development and activation	n0572	Lymphocyte activation and differentiation
missed_edge	n0000	Renal tubule and ureter morphogenesis	n0573	Kidney and urinary tract development
missed_edge	n0664	Transcriptional regulation of RNA synthesis	n0577	Mitochondrial RNA transcription and processing
missed_edge	n0796	Chromosome segregation checkpoint control	n0580	Cell cycle checkpoint regulation
missed_edge	n0446	Transcription and RNA processing machinery	n0581	Translation and protein biosynthesis
missed_edge	n0596	Amino acid and micronutrient metabolism	n0582	Xenobiotic and small-molecule conjugation metabolism
missed_edge	n0624	DNA repair pathways	n0584	DNA replication and repair synthesis
missed_edge	n0596	Amino acid and micronutrient metabolism	n0589	Hypoxia and glycolytic metabolism
missed_edge	n0403	Immune cell differentiation and inflammatory signalling	n0593	Death receptor apoptosis signaling regulation
missed_edge	n0403	Immune cell differentiation and inflammatory signalling	n0595	Endosomal innate immune sensing and peptide transport
missed_edge	n0763	Glucose and lipid metabolic regulation	n0596	Amino acid and micronutrient metabolism
missed_edge	n0786	Ras GTPase signal transduction	n0600	Rho GTPase cytoskeletal signalling
missed_edge	n0479	Mitochondrial biogenesis and mitophagy	n0601	Mitochondrial maintenance and quality control
missed_edge	n0171	Inflammatory caspase activation	n0602	NF-kB and NOD-like receptor signalling
missed_edge	n0596	Amino acid and micronutrient metabolism	n0604	Digestive nutrient uptake and sugar transport
missed_edge	n0503	Skeletal, craniofacial and appendage morphogenesis	n0607	Craniofacial and ocular organogenesis
missed_edge	n0596	Amino acid and micronutrient metabolism	n0609	Calcium and chloride ion transport
missed_edge	n0385	Homologous recombination strand invasion	n0611	Homologous recombination repair
missed_edge	n0352	Extracellular matrix glycosaminoglycan metabolism	n0612	Glycosaminoglycan metabolic disorders
missed_edge	n0799	Peroxisomal and isoprenoid-derived lipid metabolism	n0613	Isoprenoid and sterol lipid metabolism
missed_edge	n0521	Spindle checkpoint and abscission machinery	n0614	Spindle microtubule and cytokinetic apparatus assembly
missed_edge	n0368	Ribosome biogenesis and rRNA processing	n0616	Ribosomal RNA transcription and ribosome assembly
missed_edge	n0678	Amino acid and GABA membrane transport	n0621	Amino acid and bile acid membrane transport
missed_edge	n0306	Lipid mediator and GPCR-linked inflammatory signalling	n0627	Lipid mediator signalling and metabolism
missed_edge	n0641	p53-mediated cell cycle arrest	n0628	p53-dependent DNA repair pathways
missed_edge	n0423	cAMP metabolism enzymes	n0630	cAMP effector signalling
missed_edge	n0784	Coordinated mitochondrial-nuclear gene expression	n0633	Mitochondrial gene expression and tRNA maturation
missed_edge	n0596	Amino acid and micronutrient metabolism	n0634	Lipid storage and transport metabolism
missed_edge	n0660	Muscle growth and hypertrophy regulation	n0635	Excitation-contraction coupling
missed_edge	n0750	Amino acid catabolism	n0640	Central carbon, lipid and cofactor metabolism
missed_edge	n0180	Actin-driven cell shape remodeling	n0646	Neuronal process outgrowth and guidance
missed_edge	n0375	Nuclear gene expression and protein biogenesis machinery	n0649	Nucleocytoplasmic RNA and protein trafficking
missed_edge	n0155	Voltage-gated ion channel function	n0652	Cardiac action potential dynamics
missed_edge	n0596	Amino acid and micronutrient metabolism	n0655	Phospholipid and lipid droplet metabolism
missed_edge	n0596	Amino acid and micronutrient metabolism	n0656	Hormonal regulation of glucose and lipid metabolism
missed_edge	n0650	Muscle and vascular contractile physiology	n0660	Muscle growth and hypertrophy regulation
missed_edge	n0583	Cortical spindle orientation cues	n0662	Mitotic spindle assembly and cytokinesis
missed_edge	n0480	RNA processing and turnover	n0664	Transcriptional regulation of RNA synthesis
missed_edge	n0596	Amino acid and micronutrient metabolism	n0666	Mitochondrial redox and ROS balance
missed_edge	n0332	Sensory organ physiology	n0667	Sensory perception
missed_edge	n0725	Host-virus interaction and immune evasion	n0669	Antiviral innate immune response
missed_edge	n0557	Nuclear-encoded mitochondrial gene expression genes	n0675	Nuclear-encoded cytosolic and mitochondrial expression
missed_edge	n0596	Amino acid and micronutrient metabolism	n0676	Phosphoinositide and nucleotide signaling metabolism
missed_edge	n0741	Organic and inorganic anion exchangers	n0677	Amino acid and small solute transport
missed_edge	n0469	GABA and neuroactive amino acid metabolism	n0678	Amino acid and GABA membrane transport
missed_edge	n0566	Muscle growth and differentiation regulation	n0679	Cardiac and skeletal muscle growth regulation
missed_edge	n0715	Cardiomyocyte and skeletal myoblast proliferation	n0679	Cardiac and skeletal muscle growth regulation
missed_edge	n0707	Interferon-gamma and cytoplasmic innate antiviral responses	n0680	Cytoplasmic innate immune sensing and inflammatory mediator production
missed_edge	n0546	DNA repair and chromosome segregation	n0681	DNA damage response pathways
missed_edge	n0566	Muscle growth and differentiation regulation	n0683	Muscle adaptation to exercise stress
missed_edge	n0596	Amino acid and micronutrient metabolism	n0685	Amino acid and biogenic solute transport and metabolism
missed_edge	n0435	Lipoprotein particle assembly and clearance	n0687	Lipoprotein particle turnover regulation
missed_edge	n0708	Lymphocyte and monocyte/dendritic immune cell identity	n0689	Lymphocyte development and activation
missed_edge	n0569	Nucleotide degradation and salvage	n0690	Nucleotide biosynthesis and metabolism
missed_edge	n0596	Amino acid and micronutrient metabolism	n0691	Metal and porphyrin homeostasis
missed_edge	n0596	Amino acid and micronutrient metabolism	n0693	Lipid metabolism in neurodegeneration and atherosclerosis
missed_edge	n0766	Mitochondrial dynamics and quality control	n0694	Mitochondrial proteostasis and biogenesis
missed_edge	n0502	Strand invasion intermediate resolution	n0696	Nuclear and mitochondrial DNA repair
missed_edge	n0596	Amino acid and micronutrient metabolism	n0698	Bilirubin and heme catabolism
missed_edge	n0753	Nucleotide metabolism disorders	n0701	Nucleotide and methyl-group metabolism disorders
missed_edge	n0596	Amino acid and micronutrient metabolism	n0703	Small-molecule carbohydrate and glycerol metabolism
missed_edge	n0692	Interferon-mediated antiviral response	n0707	Interferon-gamma and cytoplasmic innate antiviral responses
missed_edge	n0763	Glucose and lipid metabolic regulation	n0710	Renin-angiotensin system and fluid balance
missed_edge	n0711	Chemosensory and mechanosensory receptor signaling	n0712	Chemosensory and mechanosensory receptors
missed_edge	n0467	Cholesterol-derived metabolite metabolism	n0714	Bile acid, alcohol and fat-soluble vitamin metabolism
missed_edge	n0445	DNA repair and cell cycle checkpoints	n0718	Telomere-linked senescence and genome stability
missed_edge	n0714	Bile acid, alcohol and fat-soluble vitamin metabolism	n0719	Bile acid and fat-soluble vitamin metabolism
missed_edge	n0203	Mitochondrial amino acid metabolism	n0721	Mitochondrial amino acid and carbon metabolism
missed_edge	n0570	Cardiac looping and chamber formation	n0722	Chamber septation and valve formation
missed_edge	n0477	Nucleic acid sensing and antiviral defence	n0725	Host-virus interaction and immune evasion
missed_edge	n0536	Lymphocyte cytotoxicity and antigen-driven activation	n0730	Lymphocyte immune checkpoint restraint
missed_edge	n0390	Non-coding RNA processing and turnover	n0732	mRNA processing and turnover
missed_edge	n0664	Transcriptional regulation of RNA synthesis	n0732	mRNA processing and turnover
missed_edge	n0596	Amino acid and micronutrient metabolism	n0741	Organic and inorganic anion exchangers
missed_edge	n0596	Amino acid and micronutrient metabolism	n0742	Heavy metal and drug detoxification
missed_edge	n0565	Genome maintenance and transcriptional control of proliferation	n0745	Regulation of protein stability and localisation
missed_edge	n0688	Adipocyte lipid storage	n0748	Triglyceride storage and lipolysis
missed_edge	n0641	p53-mediated cell cycle arrest	n0749	p53-mediated apoptosis and transcriptional regulation
missed_edge	n0447	Nucleotide and phosphate group metabolism	n0753	Nucleotide metabolism disorders
missed_edge	n0660	Muscle growth and hypertrophy regulation	n0754	Calcium sensitivity of contractile filaments
missed_edge	n0672	Hepatic lipoprotein processing	n0755	Plasma lipoprotein remodeling and lipid absorption
missed_edge	n0545	Ribosome biogenesis and nuclear RNA processing	n0756	mRNA and protein quality surveillance
missed_edge	n0448	p53-mediated stress response	n0757	Stress-induced translational shutdown and nutrient deprivation response
missed_edge	n0277	Axon and dendrite morphogenesis	n0761	Neurite outgrowth and collapse signaling
missed_edge	n0580	Cell cycle checkpoint regulation	n0764	Mitotic spindle and cytokinesis apparatus
missed_edge	n0488	mRNA metabolism	n0765	Ribosome biogenesis
missed_edge	n0403	Immune cell differentiation and inflammatory signalling	n0767	Leukocyte and cell migration signalling
missed_edge	n0230	Viral entry and ER protein targeting	n0768	Viral replication and assembly
missed_edge	n0781	Hormonal and cellular homeostatic signalling	n0773	Steroid and hormone biosynthesis and regulation
missed_edge	n0532	Chromatin dynamics and mitotic genome maintenance	n0776	Mitotic chromatin and nuclear envelope dynamics
missed_edge	n0353	Mitochondrial gene expression and protein complex assembly	n0778	Mitochondrial and cytosolic gene expression
missed_edge	n0478	Bile acid and cholesterol export	n0779	Triglyceride synthesis and packaging
missed_edge	n0764	Mitotic spindle and cytokinesis apparatus	n0782	Mitotic and meiotic division machinery
missed_edge	n0581	Translation and protein biosynthesis	n0783	Gene expression and post-translational protein modification
missed_edge	n0261	Vascular remodeling in wound healing	n0787	Endothelial barrier and quiescence maintenance
missed_edge	n0765	Ribosome biogenesis	n0788	mRNA surveillance and decay
missed_edge	n0768	Viral replication and assembly	n0789	Viral entry and virion assembly
missed_edge	n0403	Immune cell differentiation and inflammatory signalling	n0791	TAP-mediated peptide loading for MHC-I
missed_edge	n0104	Homologous recombination repair	n0792	Mismatch repair coupled recombination
missed_edge	n0763	Glucose and lipid metabolic regulation	n0794	Fluid and osmotic homeostasis signalling
missed_edge	n0315	Mitotic chromosome segregation fidelity	n0796	Chromosome segregation checkpoint control
missed_edge	n0315	Mitotic chromosome segregation fidelity	n0797	DNA damage response checkpoints
missed_edge	n0272	Cell cycle checkpoint control	n0798	Mitotic cell cycle and organelle partitioning
missed_edge	n0596	Amino acid and micronutrient metabolism	n0799	Peroxisomal and isoprenoid-derived lipid metabolism
missed_edge	n0739	Pattern recognition receptor-triggered cytokine response	n0807	Macrophage cytokine-driven inflammatory activation
false_edge	n0781	Hormonal and cellular homeostatic signalling	n0163	Serine/threonine kinase signalling regulation
false_edge	n0040	Cardiac and skeletal muscle patterning	n0746	Cardiac conduction system excitability
false_edge	n0480	RNA processing and turnover	n0158	Spliceosome assembly and 3' end formation
false_edge	n0346	Ras GTPase effector signaling	n0453	VEGF-mediated angiogenic sprouting
false_edge	n0489	Meiotic division machinery	n0209	Meiotic chromosome segregation
false_edge	n0489	Meiotic division machinery	n0209	Meiotic chromosome segregation
false_edge	n0497	Mitotic division and cytokinesis	n0022	Kinetochore-microtubule attachment regulation
false_edge	n0798	Mitotic cell cycle and organelle partitioning	n0229	Mitotic chromosome condensation and cohesion
false_edge	n0795	Monocyte and neutrophil biology	n0483	Myeloid phagocyte effector function
false_edge	n0566	Muscle growth and differentiation regulation	n0130	Myofibril assembly and maturation
false_edge	n0679	Cardiac and skeletal muscle growth regulation	n0057	Satellite cell proliferation and differentiation
false_edge	n0561	Vesicular trafficking and lysosomal degradation	n0252	Insulin signalling to glucose uptake
false_edge	n0611	Homologous recombination repair	n0086	Homologous recombination repair of DNA double-strand breaks
false_edge	n0443	Membrane-bound organelle vesicle transport	n0595	Endosomal innate immune sensing and peptide transport
false_edge	n0682	Strand invasion intermediate repair	n0518	Post-recombination gap-filling synthesis
false_edge	n0781	Hormonal and cellular homeostatic signalling	n0571	Vascular tone and blood pressure regulation
false_edge	n0575	Cellular stress and oxygen-level response	n0016	Chaperone-mediated protein aggregate clearance
false_edge	n0072	Microtubule-based organelle and cargo transport	n0541	Golgi to plasma membrane protein trafficking
false_edge	n0719	Bile acid and fat-soluble vitamin metabolism	n0478	Bile acid and cholesterol export
