node	label	arm	name	nameable	mechanical_clean
n0065	A	names	B cell development and antibody diversification	True	True
n0065	B	descriptions	B cell development and antibody diversification	True	True
n0065	C	both	B cell development and antibody diversification	True	True
n0076	A	descriptions	Ribosome biogenesis in the nucleolus	True	True
n0076	B	names	rRNA processing and ribosome biogenesis	True	True
n0076	C	both	Ribosome biogenesis and nucleolar rRNA processing	True	True
n0085	A	descriptions	Cardiac and skeletal muscle differentiation	True	True
n0085	B	both	Cardiac and skeletal muscle development	True	True
n0085	C	names	Cardiac muscle cell development and differentiation	True	True
n0139	A	names	Regulation of glucose transport and glycogen synthesis	True	True
n0139	B	both	Insulin-regulated glucose uptake and glycogen storage	True	True
n0139	C	descriptions	Insulin regulation of glucose uptake and glycogen synthesis	True	True
n0172	A	descriptions	Cortical polarity and microtubule anchoring	True	True
n0172	B	names	Cell polarity and cytoskeletal organization	True	True
n0172	C	both	Cortical polarity and cytoskeletal anchoring	True	True
n0193	A	names	Metanephric collecting duct development	True	False
n0193	B	descriptions	Kidney tubule and collecting duct morphogenesis	True	True
n0193	C	both	Metanephric collecting duct and tubule development	True	True
n0247	A	descriptions	Receptor tyrosine kinase signalling in mesenchymal cells	True	True
n0247	B	names	PDGF receptor signalling	True	True
n0247	C	both	Mesenchymal growth factor receptor signalling and fibrosis	True	True
n0335	A	both	Locomotor and exploratory behaviour circuits	True	True
n0335	B	names	Locomotory behavior and its dopaminergic regulation	True	True
n0335	C	descriptions	Neural circuit control of locomotor behaviour	True	True
n0343	A	names	Epithelial branching morphogenesis	True	True
n0343	B	both	Branching morphogenesis of epithelial organs	True	True
n0343	C	descriptions	Branching morphogenesis of epithelial organs	True	True
n0634	A	descriptions	Cranial and pharyngeal organ morphogenesis	True	True
n0634	B	names	Craniofacial and inner ear development	True	True
n0634	C	both	Cranial and pharyngeal arch-derived organogenesis	True	True
n0024	A	descriptions	Molecular defects in coagulation factor function	True	True
n0024	B	both	Coagulation factor defects in hemostasis	True	True
n0024	C	names	Defective coagulation factor function in hemophilia	True	True
n0051	A	both	Glycogen storage diseases	True	False
n0051	B	names	Glycogen storage diseases	True	False
n0051	C	descriptions	Glycogen storage disease	True	True
n0078	A	both	Homologous recombination repair of DNA double-strand breaks	True	True
n0078	B	descriptions	Homologous recombination and end joining repair of DNA double-strand breaks	True	True
n0078	C	names	Homologous recombination repair	True	True
n0080	A	names	Dolichol-phosphate mannose synthesis and its defects	True	True
n0080	B	descriptions	Dolichol-phosphate synthesis and utilisation in glycosylation	True	True
n0080	C	both	Dolichol pathway defects in N-glycosylation	True	True
n0081	A	both	Congenital disorders of protein glycosylation	True	True
n0081	B	names	Diseases of protein glycosylation	True	True
n0081	C	descriptions	Congenital disorders of protein glycosylation	True	True
n0167	A	descriptions	FLT3 inhibitor resistance mutations in AML	True	True
n0167	B	names	Drug-resistant FLT3 mutants	True	True
n0167	C	both	Drug-resistant FLT3 kinase mutants	True	True
n0214	A	descriptions	Glycosaminoglycan degradation and mucopolysaccharidoses	True	True
n0214	B	both	Glycosaminoglycan degradation and mucopolysaccharidoses	True	True
n0214	C	names	Glycosaminoglycan degradation	True	True
n0224	A	descriptions	Nef-mediated immune receptor downregulation	True	True
n0224	B	both	Nef-mediated immune receptor downregulation	True	True
n0224	C	names	Nef-mediated immune receptor downregulation	True	True
n0472	A	both	Rho/Rap GTPase signalling in adhesion and vascular cell behaviour	True	True
n0472	B	descriptions	Rho/GTPase-mediated cytoskeletal signalling in adhesion and angiogenesis	True	True
n0472	C	names	GTPase-mediated VEGF and GPCR signalling	True	True
n0473	A	names	Glycosaminoglycan biosynthesis and related disorders	True	False
n0473	B	both	Glycosaminoglycan sulfation and biosynthesis disorders	True	True
n0473	C	descriptions	Glycosaminoglycan synthesis and sulfation	True	True
n0026	A	descriptions	Mitochondrial oxidative phosphorylation	True	True
n0026	B	both	Mitochondrial oxidative phosphorylation	True	True
n0026	C	names	Mitochondrial oxidative phosphorylation	True	True
n0079	A	names	Xenobiotic and drug metabolism	True	True
n0079	B	descriptions	Drug metabolism and transport	True	True
n0079	C	both	Xenobiotic and drug metabolism	True	True
n0151	A	descriptions	Inflammasome-driven IL-1 signalling and acute inflammation	True	True
n0151	B	names	Inflammatory response and interleukin-1 signaling	True	True
n0151	C	both	IL-1 inflammasome-driven inflammatory response	True	True
n0212	A	descriptions	Myeloid and leukocyte lineage commitment	True	True
n0212	B	both	Myeloid and leukocyte differentiation	True	True
n0212	C	names	Myeloid and leukocyte differentiation	True	True
n0213	A	both	Peroxisomal protein import and biogenesis	True	True
n0213	B	descriptions	Peroxisome biogenesis and protein import	True	True
n0213	C	names	Peroxisomal protein import	True	False
n0231	A	names	Pancreatic cell development and survival	True	True
n0231	B	descriptions	Pancreatic endocrine and epithelial cell specification	True	True
n0231	C	both	Pancreatic endocrine cell development and beta cell maintenance	True	True
n0304	A	both	Fatty acid oxidation and ketone body metabolism	True	True
n0304	B	names	Fatty acid oxidation and ketone body metabolism	True	True
n0304	C	descriptions	Fatty acid oxidation and ketone body metabolism	True	True
n0310	A	descriptions	Regulation of angiogenesis and vascular endothelial proliferation	True	True
n0310	B	names	Regulation of vascular endothelial cell proliferation and angiogenesis	True	True
n0310	C	both	Regulation of angiogenesis	True	True
n0440	A	names	Neutrophil respiratory burst and NADPH oxidase activation	True	True
n0440	B	both	Phagocyte respiratory burst and oxidative killing	True	True
n0440	C	descriptions	Phagocyte NADPH oxidase respiratory burst and microbicidal killing	True	True
n0744	A	descriptions	Cell cycle checkpoint and mitotic entry control	True	True
n0744	B	both	Cell cycle checkpoint control	True	True
n0744	C	names	Mitotic cell cycle checkpoint regulation	True	True
