child	parent
n0000	n0193
n0000	n0208
n0000	n0719
n0001	n0198
n0002	n0204
n0002	n0621
n0003	n0186
n0003	n0337
n0004	n0167
n0004	n0558
n0004	n0648
n0005	n0648
n0006	n0431
n0006	n0610
n0006	n0768
n0007	n0618
n0008	n0706
n0008	n0712
n0009	n0243
n0010	n0114
n0010	n0184
n0010	n0458
n0010	n0658
n0011	n0226
n0012	n0349
n0013	n0103
n0013	n0288
n0014	n0600
n0015	n0711
n0015	n0792
n0016	n0090
n0016	n0253
n0016	n0500
n0016	n0748
n0017	n0431
n0017	n0563
n0017	n0610
n0018	n0343
n0018	n0403
n0018	n0793
n0019	n0090
n0019	n0500
n0019	n0748
n0020	n0690
n0021	n0467
n0022	n0151
n0022	n0685
n0023	n0205
n0024	n0518
n0024	n0582
n0024	n0693
n0025	n0685
n0025	n0803
n0025	n0804
n0025	n0840
n0026	n0385
n0026	n0686
n0027	n0378
n0028	n0000
n0029	n0361
n0030	n0384
n0030	n0801
n0031	n0118
n0031	n0560
n0031	n0840
n0032	n0001
n0033	n0101
n0034	n0210
n0034	n0213
n0035	n0165
n0036	n0658
n0037	n0424
n0038	n0175
n0039	n0672
n0039	n0832
n0040	n0256
n0040	n0655
n0040	n0670
n0041	n0466
n0041	n0531
n0042	n0238
n0042	n0279
n0043	n0248
n0043	n0632
n0044	n0561
n0044	n0658
n0045	n0412
n0046	n0478
n0046	n0599
n0047	n0311
n0047	n0534
n0047	n0736
n0047	n0803
n0048	n0136
n0049	n0551
n0049	n0657
n0050	n0449
n0051	n0181
n0052	n0134
n0053	n0111
n0053	n0697
n0053	n0829
n0054	n0126
n0054	n0297
n0054	n0527
n0055	n0140
n0055	n0625
n0056	n0091
n0057	n0109
n0058	n0135
n0058	n0286
n0058	n0436
n0059	n0070
n0060	n0005
n0060	n0322
n0060	n0413
n0060	n0558
n0060	n0604
n0060	n0775
n0061	n0778
n0062	n0011
n0063	n0108
n0064	n0220
n0064	n0259
n0065	n0015
n0065	n0804
n0066	n0575
n0067	n0398
n0067	n0795
n0068	n0321
n0068	n0841
n0069	n0606
n0069	n0637
n0070	n0168
n0070	n0637
n0071	n0304
n0071	n0412
n0072	n0066
n0073	n0153
n0073	n0243
n0073	n0605
n0074	n0508
n0074	n0547
n0074	n0599
n0075	n0367
n0075	n0640
n0076	n0180
n0077	n0485
n0077	n0658
n0078	n0762
n0078	n0803
n0078	n0804
n0079	n0576
n0080	n0136
n0081	n0415
n0081	n0530
n0082	n0561
n0082	n0724
n0083	n0323
n0084	n0746
n0085	n0224
n0085	n0680
n0086	n0298
n0086	n0696
n0086	n0812
n0087	n0481
n0087	n0586
n0087	n0617
n0088	n0602
n0088	n0627
n0089	n0280
n0090	n0463
n0090	n0660
n0091	n0466
n0092	n0351
n0093	n0199
n0093	n0201
n0093	n0610
n0093	n0658
n0094	n0125
n0095	n0539
n0096	n0194
n0097	n0658
n0098	n0536
n0098	n0556
n0099	n0114
n0100	n0424
n0100	n0510
n0101	n0171
n0101	n0381
n0102	n0182
n0102	n0778
n0103	n0377
n0103	n0721
n0103	n0817
n0104	n0172
n0105	n0785
n0106	n0154
n0107	n0470
n0108	n0146
n0108	n0532
n0109	n0096
n0110	n0261
n0111	n0636
n0111	n0782
n0112	n0268
n0112	n0310
n0112	n0503
n0112	n0683
n0113	n0636
n0113	n0829
n0114	n0843
n0115	n0665
n0116	n0404
n0116	n0446
n0116	n0573
n0116	n0717
n0117	n0262
n0117	n0582
n0118	n0529
n0118	n0564
n0119	n0671
n0119	n0802
n0119	n0809
n0120	n0234
n0121	n0230
n0121	n0406
n0122	n0701
n0123	n0509
n0124	n0170
n0125	n0242
n0125	n0338
n0125	n0555
n0126	n0669
n0126	n0757
n0127	n0324
n0127	n0585
n0128	n0098
n0129	n0777
n0129	n0842
n0130	n0292
n0130	n0516
n0131	n0187
n0132	n0345
n0132	n0380
n0133	n0217
n0134	n0196
n0134	n0506
n0135	n0288
n0135	n0687
n0136	n0431
n0136	n0795
n0137	n0365
n0138	n0400
n0139	n0587
n0140	n0155
n0141	n0480
n0142	n0689
n0142	n0710
n0143	n0245
n0143	n0716
n0144	n0584
n0144	n0598
n0144	n0826
n0145	n0301
n0145	n0378
n0146	n0663
n0146	n0700
n0146	n0706
n0147	n0254
n0147	n0460
n0147	n0578
n0148	n0321
n0149	n0325
n0150	n0267
n0150	n0546
n0150	n0798
n0151	n0618
n0152	n0502
n0152	n0663
n0152	n0700
n0153	n0364
n0154	n0513
n0155	n0575
n0155	n0727
n0156	n0773
n0156	n0816
n0157	n0480
n0158	n0348
n0159	n0124
n0160	n0237
n0160	n0462
n0161	n0762
n0161	n0803
n0161	n0804
n0161	n0840
n0162	n0352
n0162	n0733
n0163	n0241
n0163	n0309
n0164	n0493
n0165	n0638
n0166	n0423
n0166	n0617
n0167	n0447
n0168	n0780
n0168	n0789
n0169	n0099
n0169	n0184
n0169	n0323
n0170	n0535
n0170	n0794
n0171	n0431
n0171	n0461
n0171	n0555
n0172	n0519
n0173	n0169
n0173	n0458
n0174	n0504
n0175	n0622
n0175	n0653
n0176	n0067
n0177	n0431
n0177	n0610
n0178	n0360
n0178	n0562
n0179	n0315
n0180	n0745
n0181	n0115
n0181	n0347
n0181	n0522
n0182	n0128
n0182	n0668
n0183	n0435
n0185	n0403
n0185	n0793
n0186	n0231
n0186	n0359
n0187	n0365
n0187	n0620
n0188	n0174
n0188	n0776
n0189	n0276
n0189	n0804
n0190	n0603
n0190	n0714
n0190	n0734
n0191	n0583
n0191	n0820
n0191	n0837
n0192	n0326
n0192	n0526
n0192	n0593
n0193	n0458
n0194	n0163
n0194	n0443
n0195	n0439
n0196	n0185
n0197	n0397
n0198	n0148
n0199	n0563
n0199	n0691
n0200	n0437
n0201	n0258
n0201	n0431
n0201	n0691
n0202	n0122
n0202	n0382
n0204	n0302
n0205	n0164
n0205	n0728
n0206	n0109
n0207	n0089
n0207	n0350
n0208	n0789
n0209	n0542
n0210	n0684
n0210	n0705
n0210	n0754
n0211	n0468
n0211	n0487
n0211	n0798
n0212	n0491
n0212	n0607
n0213	n0754
n0213	n0779
n0214	n0428
n0214	n0596
n0214	n0741
n0215	n0658
n0216	n0181
n0216	n0333
n0216	n0692
n0216	n0694
n0217	n0296
n0218	n0658
n0218	n0803
n0218	n0804
n0219	n0545
n0219	n0635
n0219	n0770
n0220	n0431
n0220	n0610
n0222	n0762
n0222	n0803
n0222	n0804
n0222	n0840
n0223	n0169
n0224	n0658
n0225	n0527
n0226	n0634
n0227	n0555
n0228	n0633
n0228	n0835
n0229	n0314
n0229	n0326
n0230	n0132
n0231	n0444
n0231	n0700
n0232	n0740
n0232	n0760
n0233	n0097
n0234	n0362
n0235	n0447
n0236	n0526
n0236	n0748
n0237	n0737
n0237	n0809
n0238	n0145
n0239	n0645
n0240	n0236
n0241	n0518
n0241	n0840
n0242	n0431
n0242	n0461
n0243	n0364
n0243	n0576
n0244	n0273
n0245	n0195
n0246	n0762
n0246	n0803
n0246	n0804
n0246	n0840
n0247	n0420
n0247	n0577
n0247	n0726
n0248	n0219
n0249	n0330
n0250	n0693
n0251	n0440
n0252	n0166
n0252	n0389
n0253	n0658
n0254	n0658
n0255	n0549
n0256	n0189
n0257	n0405
n0259	n0752
n0260	n0589
n0260	n0659
n0261	n0728
n0262	n0764
n0264	n0452
n0264	n0804
n0265	n0601
n0266	n0208
n0266	n0721
n0267	n0418
n0267	n0525
n0267	n0591
n0267	n0667
n0267	n0763
n0268	n0497
n0268	n0722
n0269	n0433
n0270	n0370
n0270	n0641
n0271	n0282
n0271	n0650
n0272	n0624
n0272	n0839
n0273	n0177
n0273	n0376
n0274	n0606
n0274	n0643
n0275	n0658
n0276	n0375
n0277	n0483
n0278	n0608
n0279	n0145
n0280	n0448
n0280	n0542
n0281	n0826
n0282	n0203
n0283	n0572
n0284	n0345
n0284	n0416
n0284	n0744
n0285	n0266
n0285	n0473
n0285	n0553
n0285	n0806
n0286	n0193
n0286	n0208
n0286	n0719
n0286	n0721
n0286	n0806
n0287	n0658
n0288	n0377
n0288	n0721
n0289	n0417
n0289	n0809
n0290	n0472
n0290	n0817
n0290	n0834
n0291	n0762
n0291	n0803
n0291	n0804
n0291	n0840
n0292	n0669
n0293	n0097
n0294	n0330
n0295	n0766
n0296	n0750
n0297	n0751
n0298	n0320
n0298	n0840
n0299	n0443
n0299	n0767
n0300	n0611
n0301	n0443
n0301	n0767
n0302	n0358
n0303	n0504
n0304	n0159
n0305	n0180
n0306	n0480
n0307	n0315
n0307	n0819
n0308	n0342
n0308	n0628
n0309	n0518
n0310	n0404
n0311	n0579
n0312	n0512
n0313	n0342
n0314	n0336
n0314	n0759
n0315	n0762
n0315	n0803
n0315	n0804
n0315	n0840
n0316	n0421
n0317	n0433
n0317	n0768
n0318	n0498
n0320	n0762
n0320	n0803
n0320	n0804
n0321	n0659
n0322	n0374
n0322	n0520
n0323	n0658
n0324	n0281
n0324	n0666
n0324	n0724
n0325	n0095
n0326	n0756
n0327	n0411
n0328	n0431
n0328	n0610
n0328	n0709
n0329	n0658
n0330	n0769
n0330	n0841
n0331	n0565
n0332	n0762
n0332	n0840
n0333	n0115
n0334	n0686
n0334	n0822
n0334	n0826
n0335	n0803
n0335	n0804
n0336	n0300
n0337	n0379
n0337	n0499
n0338	n0461
n0338	n0649
n0339	n0580
n0340	n0465
n0340	n0651
n0340	n0836
n0341	n0203
n0341	n0650
n0342	n0444
n0342	n0700
n0343	n0723
n0343	n0821
n0344	n0800
n0345	n0319
n0345	n0698
n0346	n0475
n0347	n0658
n0348	n0708
n0349	n0804
n0349	n0840
n0350	n0209
n0350	n0682
n0351	n0257
n0352	n0800
n0353	n0431
n0353	n0610
n0354	n0543
n0354	n0550
n0355	n0774
n0356	n0432
n0357	n0803
n0357	n0804
n0358	n0431
n0358	n0662
n0359	n0499
n0360	n0147
n0361	n0287
n0361	n0501
n0361	n0595
n0362	n0680
n0363	n0122
n0363	n0382
n0364	n0792
n0364	n0804
n0365	n0462
n0367	n0560
n0367	n0796
n0368	n0838
n0369	n0797
n0370	n0658
n0371	n0465
n0371	n0651
n0371	n0772
n0372	n0675
n0373	n0431
n0373	n0610
n0374	n0612
n0375	n0658
n0375	n0803
n0376	n0431
n0376	n0610
n0376	n0781
n0377	n0719
n0378	n0299
n0379	n0231
n0380	n0319
n0381	n0242
n0381	n0555
n0382	n0543
n0383	n0675
n0384	n0366
n0384	n0524
n0385	n0762
n0385	n0803
n0385	n0804
n0385	n0840
n0386	n0730
n0387	n0658
n0388	n0645
n0388	n0804
n0389	n0423
n0390	n0434
n0390	n0505
n0391	n0580
n0392	n0182
n0392	n0395
n0393	n0583
n0393	n0837
n0394	n0360
n0395	n0128
n0396	n0422
n0397	n0095
n0398	n0346
n0399	n0465
n0399	n0541
n0399	n0772
n0400	n0362
n0401	n0451
n0402	n0320
n0402	n0840
n0403	n0723
n0403	n0821
n0404	n0496
n0404	n0722
n0405	n0658
n0406	n0380
n0406	n0698
n0407	n0658
n0408	n0658
n0408	n0803
n0409	n0421
n0410	n0421
n0410	n0755
n0411	n0177
n0411	n0376
n0412	n0124
n0413	n0648
n0414	n0784
n0415	n0257
n0416	n0319
n0416	n0698
n0417	n0552
n0417	n0743
n0418	n0590
n0419	n0658
n0420	n0431
n0420	n0610
n0421	n0459
n0421	n0702
n0421	n0838
n0422	n0418
n0422	n0678
n0422	n0821
n0423	n0419
n0423	n0791
n0424	n0396
n0425	n0525
n0425	n0615
n0426	n0572
n0426	n0705
n0427	n0652
n0428	n0431
n0428	n0610
n0429	n0376
n0430	n0796
n0432	n0808
n0432	n0819
n0433	n0658
n0434	n0552
n0435	n0431
n0435	n0610
n0436	n0677
n0437	n0658
n0438	n0675
n0438	n0814
n0439	n0464
n0440	n0658
n0441	n0230
n0442	n0431
n0442	n0610
n0443	n0494
n0443	n0840
n0444	n0658
n0445	n0266
n0445	n0473
n0445	n0553
n0445	n0661
n0446	n0497
n0446	n0722
n0447	n0322
n0448	n0498
n0448	n0682
n0449	n0658
n0450	n0723
n0450	n0793
n0451	n0658
n0451	n0803
n0452	n0658
n0452	n0753
n0453	n0731
n0454	n0620
n0455	n0658
n0456	n0479
n0457	n0148
n0458	n0472
n0459	n0554
n0459	n0592
n0459	n0613
n0460	n0474
n0461	n0658
n0462	n0417
n0462	n0616
n0463	n0476
n0464	n0495
n0465	n0345
n0465	n0416
n0466	n0679
n0466	n0766
n0467	n0658
n0468	n0658
n0469	n0715
n0470	n0146
n0471	n0658
n0472	n0517
n0473	n0193
n0473	n0208
n0473	n0719
n0474	n0658
n0475	n0658
n0476	n0646
n0477	n0419
n0477	n0557
n0478	n0445
n0478	n0677
n0478	n0703
n0478	n0746
n0479	n0538
n0480	n0535
n0481	n0523
n0482	n0738
n0482	n0794
n0483	n0813
n0484	n0095
n0486	n0710
n0487	n0658
n0488	n0744
n0488	n0836
n0489	n0319
n0489	n0698
n0489	n0786
n0490	n0247
n0491	n0287
n0491	n0501
n0491	n0595
n0492	n0420
n0492	n0824
n0493	n0345
n0493	n0416
n0494	n0309
n0494	n0818
n0495	n0819
n0496	n0614
n0497	n0614
n0497	n0827
n0498	n0594
n0498	n0725
n0499	n0444
n0499	n0700
n0501	n0658
n0502	n0805
n0503	n0404
n0503	n0446
n0504	n0395
n0505	n0552
n0506	n0185
n0507	n0524
n0508	n0478
n0508	n0544
n0509	n0623
n0510	n0396
n0511	n0433
n0512	n0658
n0513	n0431
n0513	n0610
n0514	n0549
n0515	n0684
n0515	n0781
n0516	n0658
n0517	n0319
n0518	n0762
n0518	n0803
n0518	n0804
n0520	n0764
n0521	n0701
n0522	n0658
n0523	n0557
n0524	n0519
n0525	n0590
n0526	n0300
n0527	n0658
n0528	n0241
n0529	n0803
n0530	n0405
n0532	n0729
n0534	n0579
n0535	n0658
n0536	n0762
n0536	n0803
n0536	n0804
n0536	n0840
n0537	n0658
n0538	n0699
n0538	n0720
n0539	n0180
n0540	n0762
n0540	n0803
n0540	n0804
n0540	n0840
n0541	n0345
n0541	n0416
n0542	n0594
n0542	n0725
n0543	n0521
n0544	n0445
n0544	n0703
n0545	n0762
n0545	n0803
n0545	n0804
n0546	n0667
n0547	n0544
n0548	n0581
n0549	n0704
n0550	n0701
n0551	n0766
n0552	n0493
n0553	n0719
n0553	n0721
n0554	n0699
n0554	n0720
n0556	n0402
n0557	n0791
n0558	n0612
n0560	n0762
n0560	n0803
n0560	n0804
n0562	n0254
n0563	n0258
n0565	n0683
n0566	n0753
n0566	n0823
n0567	n0711
n0568	n0431
n0568	n0610
n0569	n0828
n0570	n0831
n0571	n0597
n0573	n0431
n0573	n0610
n0574	n0439
n0575	n0762
n0575	n0803
n0575	n0804
n0575	n0840
n0576	n0658
n0576	n0803
n0576	n0804
n0577	n0431
n0578	n0664
n0579	n0658
n0580	n0479
n0581	n0658
n0581	n0803
n0582	n0762
n0582	n0803
n0582	n0804
n0582	n0840
n0583	n0345
n0583	n0416
n0584	n0619
n0585	n0281
n0586	n0474
n0587	n0658
n0588	n0839
n0589	n0810
n0590	n0458
n0590	n0843
n0591	n0458
n0591	n0843
n0592	n0658
n0593	n0660
n0595	n0658
n0596	n0431
n0596	n0610
n0597	n0762
n0597	n0803
n0597	n0804
n0597	n0840
n0598	n0540
n0598	n0619
n0598	n0747
n0599	n0445
n0599	n0703
n0600	n0771
n0601	n0247
n0602	n0803
n0603	n0658
n0604	n0762
n0604	n0803
n0604	n0804
n0604	n0840
n0605	n0658
n0605	n0803
n0605	n0804
n0606	n0517
n0607	n0595
n0607	n0713
n0608	n0517
n0609	n0099
n0609	n0458
n0611	n0658
n0612	n0826
n0613	n0658
n0614	n0431
n0614	n0610
n0615	n0590
n0616	n0493
n0617	n0477
n0618	n0658
n0619	n0762
n0619	n0803
n0619	n0804
n0619	n0840
n0620	n0552
n0620	n0616
n0620	n0743
n0621	n0704
n0622	n0324
n0623	n0432
n0624	n0431
n0624	n0610
n0625	n0155
n0626	n0581
n0628	n0379
n0629	n0431
n0629	n0610
n0630	n0681
n0631	n0431
n0631	n0610
n0632	n0639
n0633	n0431
n0633	n0610
n0634	n0658
n0635	n0783
n0636	n0762
n0636	n0803
n0636	n0804
n0636	n0840
n0637	n0472
n0638	n0431
n0638	n0610
n0639	n0783
n0640	n0762
n0640	n0803
n0640	n0804
n0640	n0840
n0641	n0658
n0642	n0658
n0643	n0735
n0644	n0762
n0644	n0803
n0644	n0804
n0645	n0276
n0646	n0658
n0647	n0765
n0648	n0520
n0649	n0658
n0650	n0658
n0651	n0541
n0651	n0744
n0652	n0658
n0653	n0666
n0654	n0147
n0654	n0562
n0655	n0189
n0656	n0559
n0656	n0590
n0657	n0431
n0657	n0610
n0659	n0658
n0660	n0611
n0661	n0286
n0663	n0805
n0664	n0807
n0665	n0658
n0666	n0826
n0667	n0559
n0668	n0098
n0669	n0751
n0670	n0658
n0670	n0803
n0671	n0837
n0672	n0658
n0673	n0658
n0675	n0658
n0676	n0799
n0676	n0826
n0677	n0285
n0678	n0591
n0678	n0615
n0679	n0431
n0680	n0537
n0681	n0658
n0682	n0594
n0682	n0725
n0683	n0614
n0683	n0827
n0685	n0658
n0686	n0762
n0686	n0803
n0686	n0804
n0686	n0840
n0687	n0266
n0687	n0553
n0688	n0828
n0689	n0784
n0690	n0658
n0692	n0658
n0693	n0762
n0693	n0803
n0693	n0804
n0694	n0347
n0694	n0522
n0695	n0815
n0696	n0707
n0697	n0782
n0697	n0804
n0699	n0658
n0700	n0805
n0702	n0554
n0702	n0592
n0702	n0613
n0702	n0828
n0703	n0193
n0703	n0806
n0704	n0358
n0704	n0610
n0705	n0749
n0706	n0790
n0707	n0762
n0707	n0840
n0708	n0647
n0708	n0780
n0709	n0658
n0710	n0658
n0711	n0658
n0712	n0658
n0713	n0658
n0714	n0658
n0715	n0431
n0715	n0610
n0716	n0495
n0717	n0496
n0718	n0431
n0718	n0610
n0719	n0789
n0721	n0789
n0722	n0827
n0723	n0763
n0724	n0762
n0724	n0803
n0724	n0840
n0726	n0431
n0726	n0610
n0727	n0762
n0727	n0803
n0727	n0804
n0727	n0840
n0728	n0552
n0729	n0805
n0730	n0658
n0731	n0431
n0731	n0610
n0732	n0725
n0733	n0431
n0733	n0610
n0734	n0658
n0735	n0517
n0736	n0579
n0736	n0630
n0737	n0417
n0738	n0658
n0739	n0811
n0740	n0554
n0740	n0592
n0740	n0613
n0740	n0828
n0741	n0431
n0741	n0610
n0742	n0798
n0743	n0319
n0743	n0698
n0744	n0820
n0745	n0658
n0746	n0285
n0746	n0661
n0747	n0803
n0747	n0804
n0747	n0840
n0748	n0593
n0748	n0646
n0750	n0658
n0751	n0658
n0752	n0431
n0752	n0610
n0753	n0803
n0754	n0749
n0755	n0658
n0756	n0336
n0757	n0658
n0758	n0658
n0759	n0658
n0760	n0421
n0761	n0658
n0763	n0472
n0763	n0817
n0764	n0612
n0765	n0458
n0765	n0817
n0765	n0843
n0766	n0431
n0766	n0610
n0767	n0518
n0768	n0658
n0769	n0659
n0770	n0762
n0770	n0803
n0770	n0804
n0771	n0518
n0771	n0840
n0772	n0836
n0773	n0596
n0774	n0647
n0774	n0780
n0775	n0374
n0775	n0520
n0776	n0536
n0777	n0830
n0778	n0668
n0779	n0749
n0780	n0458
n0780	n0817
n0780	n0843
n0782	n0762
n0782	n0803
n0782	n0840
n0783	n0762
n0783	n0803
n0783	n0804
n0784	n0831
n0785	n0750
n0787	n0769
n0788	n0822
n0789	n0458
n0790	n0658
n0791	n0658
n0792	n0658
n0792	n0803
n0793	n0763
n0794	n0658
n0795	n0346
n0796	n0762
n0796	n0803
n0796	n0804
n0797	n0345
n0797	n0416
n0797	n0744
n0798	n0658
n0799	n0762
n0799	n0803
n0799	n0804
n0799	n0840
n0800	n0431
n0800	n0610
n0801	n0519
n0802	n0319
n0805	n0790
n0806	n0517
n0807	n0658
n0808	n0762
n0808	n0803
n0808	n0804
n0808	n0840
n0809	n0552
n0809	n0743
n0810	n0658
n0811	n0835
n0812	n0803
n0813	n0658
n0814	n0658
n0815	n0744
n0815	n0772
n0816	n0431
n0816	n0610
n0817	n0517
n0818	n0762
n0819	n0762
n0819	n0803
n0819	n0804
n0819	n0840
n0820	n0319
n0820	n0698
n0821	n0458
n0821	n0763
n0821	n0843
n0822	n0762
n0822	n0803
n0822	n0804
n0822	n0840
n0823	n0747
n0824	n0431
n0824	n0610
n0825	n0658
n0826	n0762
n0826	n0803
n0826	n0804
n0826	n0840
n0827	n0431
n0827	n0610
n0828	n0699
n0828	n0720
n0829	n0762
n0829	n0803
n0829	n0804
n0829	n0840
n0830	n0431
n0830	n0610
n0831	n0658
n0832	n0658
n0833	n0709
n0835	n0431
n0835	n0610
n0836	n0345
n0836	n0416
n0837	n0493
n0838	n0658
n0839	n0431
n0839	n0610
n0841	n0658
n0842	n0431
n0842	n0610
