key	reason
btm:M1.0	not_recurrent
btm:M106.1	not_recurrent
btm:M122	not_recurrent
btm:M137	not_recurrent
btm:M159	not_recurrent
btm:M172	not_recurrent
btm:M175	not_recurrent
btm:M186	not_recurrent
btm:M191	not_recurrent
btm:M208	not_recurrent
btm:M215	not_recurrent
btm:M218	not_recurrent
btm:M224	not_recurrent
btm:M230	not_recurrent
btm:M233	not_recurrent
btm:M235	not_recurrent
btm:M242	not_recurrent
btm:M248	not_recurrent
btm:M249	not_recurrent
btm:M32.2	not_recurrent
btm:M32.3	not_recurrent
btm:M32.8	not_recurrent
btm:M34	not_recurrent
btm:M41.3	not_recurrent
btm:M41.4	not_recurrent
btm:M51	not_recurrent
btm:M6	not_recurrent
btm:M62.1	not_recurrent
btm:M82	not_recurrent
btm:M89.0	not_recurrent
btm:M98.0	not_recurrent
go:GO:0000019	not_recurrent
go:GO:0000070	not_recurrent
go:GO:0000212	not_recurrent
go:GO:0000722	not_recurrent
go:GO:0000727	not_recurrent
go:GO:0000819	not_recurrent
go:GO:0001325	not_recurrent
go:GO:0001667	not_recurrent
go:GO:0001692	not_recurrent
go:GO:0001702	not_recurrent
go:GO:0001704	not_recurrent
go:GO:0001706	not_recurrent
go:GO:0001708	not_recurrent
go:GO:0001710	not_recurrent
go:GO:0001711	not_recurrent
go:GO:0001714	not_recurrent
go:GO:0001759	not_recurrent
go:GO:0001763	not_recurrent
go:GO:0001764	not_recurrent
go:GO:0001820	not_recurrent
go:GO:0001952	not_recurrent
go:GO:0001953	not_recurrent
go:GO:0001954	not_recurrent
go:GO:0001963	not_recurrent
go:GO:0001964	not_recurrent
go:GO:0001975	not_recurrent
go:GO:0002052	not_recurrent
go:GO:0002053	not_recurrent
go:GO:0002087	not_recurrent
go:GO:0003018	not_recurrent
go:GO:0003056	not_recurrent
go:GO:0003100	not_recurrent
go:GO:0003156	not_recurrent
go:GO:0003358	not_recurrent
go:GO:0005975	not_recurrent
go:GO:0005996	not_recurrent
go:GO:0006000	not_recurrent
go:GO:0006002	not_recurrent
go:GO:0006003	not_recurrent
go:GO:0006006	not_recurrent
go:GO:0006007	not_recurrent
go:GO:0006012	not_recurrent
go:GO:0006020	not_recurrent
go:GO:0006071	not_recurrent
go:GO:0006072	not_recurrent
go:GO:0006089	not_recurrent
go:GO:0006090	not_recurrent
go:GO:0006091	not_recurrent
go:GO:0006098	not_recurrent
go:GO:0006104	not_recurrent
go:GO:0006109	not_recurrent
go:GO:0006110	not_recurrent
go:GO:0006111	not_recurrent
go:GO:0006113	not_recurrent
go:GO:0006140	not_recurrent
go:GO:0006182	not_recurrent
go:GO:0006259	not_recurrent
go:GO:0006264	not_recurrent
go:GO:0006265	not_recurrent
go:GO:0006269	not_recurrent
go:GO:0006271	not_recurrent
go:GO:0006278	not_recurrent
go:GO:0006297	not_recurrent
go:GO:0006301	not_recurrent
go:GO:0006520	not_recurrent
go:GO:0006522	not_recurrent
go:GO:0006536	not_recurrent
go:GO:0006537	not_recurrent
go:GO:0006544	not_recurrent
go:GO:0006545	not_recurrent
go:GO:0006547	not_recurrent
go:GO:0006549	not_recurrent
go:GO:0006551	not_recurrent
go:GO:0006552	not_recurrent
go:GO:0006553	not_recurrent
go:GO:0006560	not_recurrent
go:GO:0006563	not_recurrent
go:GO:0006566	not_recurrent
go:GO:0006570	not_recurrent
go:GO:0006572	not_recurrent
go:GO:0006573	not_recurrent
go:GO:0006638	not_recurrent
go:GO:0006640	not_recurrent
go:GO:0006641	not_recurrent
go:GO:0006651	not_recurrent
go:GO:0006739	not_recurrent
go:GO:0006740	not_recurrent
go:GO:0006741	not_recurrent
go:GO:0006811	not_recurrent
go:GO:0006812	not_recurrent
go:GO:0006814	not_recurrent
go:GO:0006820	not_recurrent
go:GO:0006821	not_recurrent
go:GO:0006835	not_recurrent
go:GO:0006837	not_recurrent
go:GO:0006842	not_recurrent
go:GO:0006848	not_recurrent
go:GO:0006883	not_recurrent
go:GO:0006929	not_recurrent
go:GO:0006930	not_recurrent
go:GO:0006931	not_recurrent
go:GO:0006939	not_recurrent
go:GO:0006940	not_recurrent
go:GO:0007056	not_recurrent
go:GO:0007059	not_recurrent
go:GO:0007080	not_recurrent
go:GO:0007088	not_recurrent
go:GO:0007093	not_recurrent
go:GO:0007143	not_recurrent
go:GO:0007144	not_recurrent
go:GO:0007160	not_recurrent
go:GO:0007162	not_recurrent
go:GO:0007168	not_recurrent
go:GO:0007172	not_recurrent
go:GO:0007185	not_recurrent
go:GO:0007186	not_recurrent
go:GO:0007187	not_recurrent
go:GO:0007188	not_recurrent
go:GO:0007189	not_recurrent
go:GO:0007190	not_recurrent
go:GO:0007191	not_recurrent
go:GO:0007192	not_recurrent
go:GO:0007193	not_recurrent
go:GO:0007194	not_recurrent
go:GO:0007195	not_recurrent
go:GO:0007197	not_recurrent
go:GO:0007198	not_recurrent
go:GO:0007200	not_recurrent
go:GO:0007207	not_recurrent
go:GO:0007208	not_recurrent
go:GO:0007210	not_recurrent
go:GO:0007212	not_recurrent
go:GO:0007213	not_recurrent
go:GO:0007214	not_recurrent
go:GO:0007215	not_recurrent
go:GO:0007229	not_recurrent
go:GO:0007263	not_recurrent
go:GO:0007270	not_recurrent
go:GO:0007271	not_recurrent
go:GO:0007350	not_recurrent
go:GO:0007354	not_recurrent
go:GO:0007356	not_recurrent
go:GO:0007369	not_recurrent
go:GO:0007389	not_recurrent
go:GO:0007405	not_recurrent
go:GO:0007406	not_recurrent
go:GO:0007416	not_recurrent
go:GO:0007417	not_recurrent
go:GO:0007418	not_recurrent
go:GO:0007431	not_recurrent
go:GO:0007440	not_recurrent
go:GO:0007492	not_recurrent
go:GO:0007498	not_recurrent
go:GO:0007501	not_recurrent
go:GO:0007567	not_recurrent
go:GO:0007584	not_recurrent
go:GO:0007586	not_recurrent
go:GO:0007589	not_recurrent
go:GO:0007611	not_recurrent
go:GO:0007612	not_recurrent
go:GO:0007613	not_recurrent
go:GO:0007614	not_recurrent
go:GO:0007616	not_recurrent
go:GO:0008291	not_recurrent
go:GO:0008306	not_recurrent
go:GO:0008315	not_recurrent
go:GO:0008347	not_recurrent
go:GO:0008356	not_recurrent
go:GO:0008360	not_recurrent
go:GO:0008608	not_recurrent
go:GO:0008643	not_recurrent
go:GO:0008652	not_recurrent
go:GO:0009052	not_recurrent
go:GO:0009063	not_recurrent
go:GO:0009064	not_recurrent
go:GO:0009070	not_recurrent
go:GO:0009081	not_recurrent
go:GO:0009084	not_recurrent
go:GO:0009187	not_recurrent
go:GO:0009190	not_recurrent
go:GO:0009214	not_recurrent
go:GO:0009249	not_recurrent
go:GO:0009308	not_recurrent
go:GO:0009309	not_recurrent
go:GO:0009310	not_recurrent
go:GO:0009712	not_recurrent
go:GO:0009713	not_recurrent
go:GO:0009719	not_recurrent
go:GO:0009744	not_recurrent
go:GO:0009750	not_recurrent
go:GO:0009786	not_recurrent
go:GO:0009950	not_recurrent
go:GO:0010092	not_recurrent
go:GO:0010248	not_recurrent
go:GO:0010453	not_recurrent
go:GO:0010463	not_recurrent
go:GO:0010464	not_recurrent
go:GO:0010470	not_recurrent
go:GO:0010511	not_recurrent
go:GO:0010591	not_recurrent
go:GO:0010592	not_recurrent
go:GO:0010593	not_recurrent
go:GO:0010633	not_recurrent
go:GO:0010638	not_recurrent
go:GO:0010664	not_recurrent
go:GO:0010743	not_recurrent
go:GO:0010744	not_recurrent
go:GO:0010745	not_recurrent
go:GO:0010749	not_recurrent
go:GO:0010750	not_recurrent
go:GO:0010754	not_recurrent
go:GO:0010765	not_recurrent
go:GO:0010801	not_recurrent
go:GO:0010810	not_recurrent
go:GO:0010811	not_recurrent
go:GO:0010812	not_recurrent
go:GO:0010833	not_recurrent
go:GO:0010835	not_recurrent
go:GO:0010866	not_recurrent
go:GO:0010867	not_recurrent
go:GO:0010874	not_recurrent
go:GO:0010875	not_recurrent
go:GO:0010876	not_recurrent
go:GO:0010878	not_recurrent
go:GO:0010883	not_recurrent
go:GO:0010884	not_recurrent
go:GO:0010885	not_recurrent
go:GO:0010886	not_recurrent
go:GO:0010887	not_recurrent
go:GO:0010888	not_recurrent
go:GO:0010889	not_recurrent
go:GO:0010896	not_recurrent
go:GO:0010897	not_recurrent
go:GO:0010898	not_recurrent
go:GO:0010901	not_recurrent
go:GO:0010903	not_recurrent
go:GO:0010906	not_recurrent
go:GO:0010907	not_recurrent
go:GO:0010918	not_recurrent
go:GO:0010919	not_recurrent
go:GO:0010944	not_recurrent
go:GO:0010960	not_recurrent
go:GO:0010961	not_recurrent
go:GO:0010982	not_recurrent
go:GO:0010983	not_recurrent
go:GO:0014029	not_recurrent
go:GO:0014034	not_recurrent
go:GO:0014041	not_recurrent
go:GO:0014046	not_recurrent
go:GO:0014062	not_recurrent
go:GO:0014072	not_recurrent
go:GO:0014075	not_recurrent
go:GO:0014820	not_recurrent
go:GO:0014824	not_recurrent
go:GO:0014829	not_recurrent
go:GO:0014855	not_recurrent
go:GO:0014916	not_recurrent
go:GO:0015693	not_recurrent
go:GO:0015698	not_recurrent
go:GO:0015701	not_recurrent
go:GO:0015705	not_recurrent
go:GO:0015711	not_recurrent
go:GO:0015740	not_recurrent
go:GO:0015742	not_recurrent
go:GO:0015793	not_recurrent
go:GO:0015811	not_recurrent
go:GO:0015837	not_recurrent
go:GO:0015844	not_recurrent
go:GO:0015849	not_recurrent
go:GO:0015850	not_recurrent
go:GO:0015872	not_recurrent
go:GO:0015874	not_recurrent
go:GO:0015918	not_recurrent
go:GO:0016051	not_recurrent
go:GO:0016052	not_recurrent
go:GO:0016233	not_recurrent
go:GO:0016321	not_recurrent
go:GO:0016477	not_recurrent
go:GO:0016601	not_recurrent
go:GO:0018958	not_recurrent
go:GO:0019217	not_recurrent
go:GO:0019249	not_recurrent
go:GO:0019321	not_recurrent
go:GO:0019336	not_recurrent
go:GO:0019388	not_recurrent
go:GO:0019401	not_recurrent
go:GO:0019405	not_recurrent
go:GO:0019433	not_recurrent
go:GO:0019477	not_recurrent
go:GO:0019532	not_recurrent
go:GO:0019585	not_recurrent
go:GO:0019614	not_recurrent
go:GO:0019626	not_recurrent
go:GO:0019640	not_recurrent
go:GO:0019682	not_recurrent
go:GO:0019725	not_recurrent
go:GO:0019751	not_recurrent
go:GO:0021536	not_recurrent
go:GO:0021537	not_recurrent
go:GO:0021540	not_recurrent
go:GO:0021542	not_recurrent
go:GO:0021543	not_recurrent
go:GO:0021626	not_recurrent
go:GO:0021678	not_recurrent
go:GO:0021761	not_recurrent
go:GO:0021764	not_recurrent
go:GO:0021766	not_recurrent
go:GO:0021794	not_recurrent
go:GO:0021795	not_recurrent
go:GO:0021796	not_recurrent
go:GO:0021798	not_recurrent
go:GO:0021799	not_recurrent
go:GO:0021800	not_recurrent
go:GO:0021814	not_recurrent
go:GO:0021815	not_recurrent
go:GO:0021819	not_recurrent
go:GO:0021826	not_recurrent
go:GO:0021830	not_recurrent
go:GO:0021831	not_recurrent
go:GO:0021846	not_recurrent
go:GO:0021853	not_recurrent
go:GO:0021854	not_recurrent
go:GO:0021859	not_recurrent
go:GO:0021860	not_recurrent
go:GO:0021861	not_recurrent
go:GO:0021869	not_recurrent
go:GO:0021871	not_recurrent
go:GO:0021872	not_recurrent
go:GO:0021873	not_recurrent
go:GO:0021877	not_recurrent
go:GO:0021884	not_recurrent
go:GO:0021885	not_recurrent
go:GO:0021889	not_recurrent
go:GO:0021891	not_recurrent
go:GO:0021892	not_recurrent
go:GO:0021894	not_recurrent
go:GO:0021895	not_recurrent
go:GO:0021902	not_recurrent
go:GO:0021903	not_recurrent
go:GO:0021953	not_recurrent
go:GO:0021954	not_recurrent
go:GO:0021960	not_recurrent
go:GO:0021978	not_recurrent
go:GO:0021983	not_recurrent
go:GO:0021984	not_recurrent
go:GO:0021987	not_recurrent
go:GO:0021988	not_recurrent
go:GO:0022008	not_recurrent
go:GO:0022028	not_recurrent
go:GO:0022030	not_recurrent
go:GO:0022600	not_recurrent
go:GO:0022616	not_recurrent
go:GO:0023019	not_recurrent
go:GO:0023041	not_recurrent
go:GO:0023056	not_recurrent
go:GO:0030001	not_recurrent
go:GO:0030002	not_recurrent
go:GO:0030007	not_recurrent
go:GO:0030032	not_recurrent
go:GO:0030155	not_recurrent
go:GO:0030157	not_recurrent
go:GO:0030299	not_recurrent
go:GO:0030300	not_recurrent
go:GO:0030321	not_recurrent
go:GO:0030388	not_recurrent
go:GO:0030575	not_recurrent
go:GO:0030730	not_recurrent
go:GO:0030812	not_recurrent
go:GO:0030813	not_recurrent
go:GO:0030838	not_recurrent
go:GO:0030857	not_recurrent
go:GO:0030858	not_recurrent
go:GO:0030865	not_recurrent
go:GO:0030878	not_recurrent
go:GO:0030900	not_recurrent
go:GO:0030917	not_recurrent
go:GO:0030952	not_recurrent
go:GO:0031128	not_recurrent
go:GO:0031268	not_recurrent
go:GO:0031274	not_recurrent
go:GO:0031281	not_recurrent
go:GO:0031334	not_recurrent
go:GO:0031529	not_recurrent
go:GO:0031570	not_recurrent
go:GO:0031589	not_recurrent
go:GO:0031848	not_recurrent
go:GO:0031958	not_recurrent
go:GO:0031987	not_recurrent
go:GO:0032042	not_recurrent
go:GO:0032185	not_recurrent
go:GO:0032200	not_recurrent
go:GO:0032201	not_recurrent
go:GO:0032204	not_recurrent
go:GO:0032205	not_recurrent
go:GO:0032206	not_recurrent
go:GO:0032210	not_recurrent
go:GO:0032211	not_recurrent
go:GO:0032222	not_recurrent
go:GO:0032224	not_recurrent
go:GO:0032225	not_recurrent
go:GO:0032273	not_recurrent
go:GO:0032366	not_recurrent
go:GO:0032369	not_recurrent
go:GO:0032370	not_recurrent
go:GO:0032371	not_recurrent
go:GO:0032372	not_recurrent
go:GO:0032373	not_recurrent
go:GO:0032377	not_recurrent
go:GO:0032378	not_recurrent
go:GO:0032392	not_recurrent
go:GO:0032486	not_recurrent
go:GO:0032488	not_recurrent
go:GO:0032489	not_recurrent
go:GO:0032890	not_recurrent
go:GO:0032941	not_recurrent
go:GO:0032957	not_recurrent
go:GO:0032959	not_recurrent
go:GO:0032960	not_recurrent
go:GO:0033002	not_recurrent
go:GO:0033044	not_recurrent
go:GO:0033045	not_recurrent
go:GO:0033047	not_recurrent
go:GO:0033206	not_recurrent
go:GO:0033238	not_recurrent
go:GO:0033239	not_recurrent
go:GO:0033240	not_recurrent
go:GO:0033313	not_recurrent
go:GO:0033344	not_recurrent
go:GO:0033499	not_recurrent
go:GO:0033504	not_recurrent
go:GO:0033603	not_recurrent
go:GO:0033605	not_recurrent
go:GO:0033622	not_recurrent
go:GO:0033623	not_recurrent
go:GO:0033625	not_recurrent
go:GO:0033627	not_recurrent
go:GO:0033628	not_recurrent
go:GO:0033629	not_recurrent
go:GO:0033630	not_recurrent
go:GO:0033762	not_recurrent
go:GO:0033993	not_recurrent
go:GO:0034080	not_recurrent
go:GO:0034196	not_recurrent
go:GO:0034220	not_recurrent
go:GO:0034285	not_recurrent
go:GO:0034314	not_recurrent
go:GO:0034315	not_recurrent
go:GO:0034316	not_recurrent
go:GO:0034331	not_recurrent
go:GO:0034367	not_recurrent
go:GO:0034370	not_recurrent
go:GO:0034371	not_recurrent
go:GO:0034374	not_recurrent
go:GO:0034375	not_recurrent
go:GO:0034378	not_recurrent
go:GO:0034379	not_recurrent
go:GO:0034380	not_recurrent
go:GO:0034384	not_recurrent
go:GO:0034389	not_recurrent
go:GO:0034446	not_recurrent
go:GO:0034447	not_recurrent
go:GO:0034502	not_recurrent
go:GO:0034516	not_recurrent
go:GO:0034635	not_recurrent
go:GO:0034775	not_recurrent
go:GO:0034776	not_recurrent
go:GO:0035020	not_recurrent
go:GO:0035024	not_recurrent
go:GO:0035094	not_recurrent
go:GO:0035095	not_recurrent
go:GO:0035106	not_recurrent
go:GO:0035150	not_recurrent
go:GO:0035249	not_recurrent
go:GO:0035356	not_recurrent
go:GO:0035377	not_recurrent
go:GO:0035443	not_recurrent
go:GO:0035520	not_recurrent
go:GO:0035634	not_recurrent
go:GO:0035725	not_recurrent
go:GO:0035865	not_recurrent
go:GO:0035873	not_recurrent
go:GO:0035902	not_recurrent
go:GO:0035987	not_recurrent
go:GO:0036376	not_recurrent
go:GO:0036466	not_recurrent
go:GO:0038001	not_recurrent
go:GO:0038003	not_recurrent
go:GO:0038027	not_recurrent
go:GO:0038060	not_recurrent
go:GO:0038169	not_recurrent
go:GO:0040011	not_recurrent
go:GO:0040012	not_recurrent
go:GO:0040013	not_recurrent
go:GO:0040017	not_recurrent
go:GO:0040037	not_recurrent
go:GO:0040038	not_recurrent
go:GO:0042045	not_recurrent
go:GO:0042069	not_recurrent
go:GO:0042074	not_recurrent
go:GO:0042127	not_recurrent
go:GO:0042159	not_recurrent
go:GO:0042220	not_recurrent
go:GO:0042276	not_recurrent
go:GO:0042310	not_recurrent
go:GO:0042311	not_recurrent
go:GO:0042330	not_recurrent
go:GO:0042414	not_recurrent
go:GO:0042415	not_recurrent
go:GO:0042416	not_recurrent
go:GO:0042417	not_recurrent
go:GO:0042421	not_recurrent
go:GO:0042427	not_recurrent
go:GO:0042428	not_recurrent
go:GO:0042435	not_recurrent
go:GO:0042551	not_recurrent
go:GO:0042592	not_recurrent
go:GO:0042596	not_recurrent
go:GO:0042659	not_recurrent
go:GO:0042661	not_recurrent
go:GO:0042816	not_recurrent
go:GO:0042866	not_recurrent
go:GO:0042918	not_recurrent
go:GO:0042939	not_recurrent
go:GO:0043084	not_recurrent
go:GO:0043247	not_recurrent
go:GO:0043255	not_recurrent
go:GO:0043279	not_recurrent
go:GO:0043435	not_recurrent
go:GO:0043456	not_recurrent
go:GO:0043467	not_recurrent
go:GO:0043470	not_recurrent
go:GO:0043490	not_recurrent
go:GO:0043504	not_recurrent
go:GO:0043605	not_recurrent
go:GO:0043649	not_recurrent
go:GO:0043691	not_recurrent
go:GO:0043954	not_recurrent
go:GO:0044058	not_recurrent
go:GO:0044065	not_recurrent
go:GO:0044070	not_recurrent
go:GO:0044089	not_recurrent
go:GO:0044241	not_recurrent
go:GO:0044557	not_recurrent
go:GO:0044771	not_recurrent
go:GO:0044785	not_recurrent
go:GO:0044872	not_recurrent
go:GO:0045017	not_recurrent
go:GO:0045019	not_recurrent
go:GO:0045056	not_recurrent
go:GO:0045112	not_recurrent
go:GO:0045333	not_recurrent
go:GO:0045429	not_recurrent
go:GO:0045471	not_recurrent
go:GO:0045472	not_recurrent
go:GO:0045721	not_recurrent
go:GO:0045722	not_recurrent
go:GO:0045745	not_recurrent
go:GO:0045761	not_recurrent
go:GO:0045776	not_recurrent
go:GO:0045785	not_recurrent
go:GO:0045835	not_recurrent
go:GO:0045906	not_recurrent
go:GO:0045907	not_recurrent
go:GO:0045912	not_recurrent
go:GO:0045913	not_recurrent
go:GO:0045920	not_recurrent
go:GO:0045932	not_recurrent
go:GO:0045933	not_recurrent
go:GO:0045955	not_recurrent
go:GO:0045980	not_recurrent
go:GO:0045981	not_recurrent
go:GO:0045986	not_recurrent
go:GO:0045987	not_recurrent
go:GO:0046034	not_recurrent
go:GO:0046068	not_recurrent
go:GO:0046174	not_recurrent
go:GO:0046189	not_recurrent
go:GO:0046339	not_recurrent
go:GO:0046364	not_recurrent
go:GO:0046365	not_recurrent
go:GO:0046434	not_recurrent
go:GO:0046459	not_recurrent
go:GO:0046460	not_recurrent
go:GO:0046461	not_recurrent
go:GO:0046473	not_recurrent
go:GO:0046487	not_recurrent
go:GO:0046503	not_recurrent
go:GO:0046602	not_recurrent
go:GO:0046620	not_recurrent
go:GO:0046621	not_recurrent
go:GO:0046622	not_recurrent
go:GO:0046847	not_recurrent
go:GO:0046877	not_recurrent
go:GO:0046929	not_recurrent
go:GO:0046958	not_recurrent
go:GO:0048041	not_recurrent
go:GO:0048144	not_recurrent
go:GO:0048146	not_recurrent
go:GO:0048148	not_recurrent
go:GO:0048149	not_recurrent
go:GO:0048167	not_recurrent
go:GO:0048168	not_recurrent
go:GO:0048169	not_recurrent
go:GO:0048170	not_recurrent
go:GO:0048172	not_recurrent
go:GO:0048285	not_recurrent
go:GO:0048308	not_recurrent
go:GO:0048318	not_recurrent
go:GO:0048332	not_recurrent
go:GO:0048333	not_recurrent
go:GO:0048368	not_recurrent
go:GO:0048369	not_recurrent
go:GO:0048382	not_recurrent
go:GO:0048536	not_recurrent
go:GO:0048538	not_recurrent
go:GO:0048546	not_recurrent
go:GO:0048550	not_recurrent
go:GO:0048566	not_recurrent
go:GO:0048645	not_recurrent
go:GO:0048664	not_recurrent
go:GO:0048699	not_recurrent
go:GO:0048754	not_recurrent
go:GO:0048790	not_recurrent
go:GO:0048853	not_recurrent
go:GO:0048854	not_recurrent
go:GO:0048859	not_recurrent
go:GO:0048865	not_recurrent
go:GO:0048870	not_recurrent
go:GO:0048878	not_recurrent
go:GO:0050000	not_recurrent
go:GO:0050432	not_recurrent
go:GO:0050673	not_recurrent
go:GO:0050678	not_recurrent
go:GO:0050679	not_recurrent
go:GO:0050746	not_recurrent
go:GO:0050767	not_recurrent
go:GO:0050769	not_recurrent
go:GO:0050801	not_recurrent
go:GO:0050803	not_recurrent
go:GO:0050805	not_recurrent
go:GO:0050806	not_recurrent
go:GO:0050808	not_recurrent
go:GO:0050850	not_recurrent
go:GO:0050882	not_recurrent
go:GO:0050884	not_recurrent
go:GO:0050890	not_recurrent
go:GO:0050892	not_recurrent
go:GO:0050994	not_recurrent
go:GO:0050995	not_recurrent
go:GO:0050996	not_recurrent
go:GO:0050999	not_recurrent
go:GO:0051026	not_recurrent
go:GO:0051052	not_recurrent
go:GO:0051053	not_recurrent
go:GO:0051125	not_recurrent
go:GO:0051126	not_recurrent
go:GO:0051127	not_recurrent
go:GO:0051130	not_recurrent
go:GO:0051156	not_recurrent
go:GO:0051167	not_recurrent
go:GO:0051189	not_recurrent
go:GO:0051276	not_recurrent
go:GO:0051289	not_recurrent
go:GO:0051295	not_recurrent
go:GO:0051299	not_recurrent
go:GO:0051304	not_recurrent
go:GO:0051305	not_recurrent
go:GO:0051306	not_recurrent
go:GO:0051307	not_recurrent
go:GO:0051310	not_recurrent
go:GO:0051311	not_recurrent
go:GO:0051315	not_recurrent
go:GO:0051341	not_recurrent
go:GO:0051349	not_recurrent
go:GO:0051353	not_recurrent
go:GO:0051383	not_recurrent
go:GO:0051412	not_recurrent
go:GO:0051489	not_recurrent
go:GO:0051491	not_recurrent
go:GO:0051495	not_recurrent
go:GO:0051580	not_recurrent
go:GO:0051582	not_recurrent
go:GO:0051589	not_recurrent
go:GO:0051608	not_recurrent
go:GO:0051610	not_recurrent
go:GO:0051620	not_recurrent
go:GO:0051645	not_recurrent
go:GO:0051764	not_recurrent
go:GO:0051783	not_recurrent
go:GO:0051784	not_recurrent
go:GO:0051823	not_recurrent
go:GO:0051866	not_recurrent
go:GO:0051867	not_recurrent
go:GO:0051894	not_recurrent
go:GO:0051934	not_recurrent
go:GO:0051937	not_recurrent
go:GO:0051940	not_recurrent
go:GO:0051953	not_recurrent
go:GO:0051954	not_recurrent
go:GO:0051962	not_recurrent
go:GO:0051963	not_recurrent
go:GO:0051964	not_recurrent
go:GO:0051965	not_recurrent
go:GO:0051966	not_recurrent
go:GO:0051968	not_recurrent
go:GO:0051983	not_recurrent
go:GO:0051984	not_recurrent
go:GO:0051987	not_recurrent
go:GO:0051988	not_recurrent
go:GO:0052646	not_recurrent
go:GO:0052803	not_recurrent
go:GO:0055022	not_recurrent
go:GO:0055057	not_recurrent
go:GO:0055059	not_recurrent
go:GO:0055075	not_recurrent
go:GO:0055078	not_recurrent
go:GO:0055081	not_recurrent
go:GO:0055085	not_recurrent
go:GO:0055088	not_recurrent
go:GO:0055090	not_recurrent
go:GO:0055091	not_recurrent
go:GO:0055094	not_recurrent
go:GO:0055095	not_recurrent
go:GO:0055129	not_recurrent
go:GO:0060013	not_recurrent
go:GO:0060019	not_recurrent
go:GO:0060038	not_recurrent
go:GO:0060043	not_recurrent
go:GO:0060044	not_recurrent
go:GO:0060045	not_recurrent
go:GO:0060074	not_recurrent
go:GO:0060078	not_recurrent
go:GO:0060087	not_recurrent
go:GO:0060134	not_recurrent
go:GO:0060137	not_recurrent
go:GO:0060158	not_recurrent
go:GO:0060159	not_recurrent
go:GO:0060161	not_recurrent
go:GO:0060193	not_recurrent
go:GO:0060291	not_recurrent
go:GO:0060292	not_recurrent
go:GO:0060327	not_recurrent
go:GO:0060382	not_recurrent
go:GO:0060419	not_recurrent
go:GO:0060420	not_recurrent
go:GO:0060421	not_recurrent
go:GO:0060445	not_recurrent
go:GO:0060456	not_recurrent
go:GO:0060457	not_recurrent
go:GO:0060491	not_recurrent
go:GO:0060561	not_recurrent
go:GO:0060563	not_recurrent
go:GO:0060571	not_recurrent
go:GO:0060572	not_recurrent
go:GO:0060601	not_recurrent
go:GO:0060602	not_recurrent
go:GO:0060605	not_recurrent
go:GO:0060631	not_recurrent
go:GO:0060638	not_recurrent
go:GO:0060664	not_recurrent
go:GO:0060684	not_recurrent
go:GO:0060688	not_recurrent
go:GO:0060693	not_recurrent
go:GO:0060696	not_recurrent
go:GO:0060754	not_recurrent
go:GO:0060795	not_recurrent
go:GO:0060897	not_recurrent
go:GO:0061026	not_recurrent
go:GO:0061098	not_recurrent
go:GO:0061197	not_recurrent
go:GO:0061351	not_recurrent
go:GO:0061525	not_recurrent
go:GO:0061615	not_recurrent
go:GO:0061620	not_recurrent
go:GO:0061644	not_recurrent
go:GO:0061762	not_recurrent
go:GO:0061771	not_recurrent
go:GO:0061820	not_recurrent
go:GO:0062012	not_recurrent
go:GO:0062013	not_recurrent
go:GO:0062033	not_recurrent
go:GO:0062237	not_recurrent
go:GO:0065005	not_recurrent
go:GO:0070198	not_recurrent
go:GO:0070199	not_recurrent
go:GO:0070200	not_recurrent
go:GO:0070202	not_recurrent
go:GO:0070212	not_recurrent
go:GO:0070213	not_recurrent
go:GO:0070254	not_recurrent
go:GO:0070293	not_recurrent
go:GO:0070358	not_recurrent
go:GO:0070471	not_recurrent
go:GO:0070474	not_recurrent
go:GO:0070508	not_recurrent
go:GO:0070633	not_recurrent
go:GO:0071103	not_recurrent
go:GO:0071140	not_recurrent
go:GO:0071257	not_recurrent
go:GO:0071286	not_recurrent
go:GO:0071314	not_recurrent
go:GO:0071361	not_recurrent
go:GO:0071362	not_recurrent
go:GO:0071376	not_recurrent
go:GO:0071377	not_recurrent
go:GO:0071396	not_recurrent
go:GO:0071397	not_recurrent
go:GO:0071402	not_recurrent
go:GO:0071420	not_recurrent
go:GO:0071422	not_recurrent
go:GO:0071459	not_recurrent
go:GO:0071481	not_recurrent
go:GO:0071495	not_recurrent
go:GO:0071548	not_recurrent
go:GO:0071549	not_recurrent
go:GO:0071800	not_recurrent
go:GO:0071801	not_recurrent
go:GO:0071803	not_recurrent
go:GO:0071825	not_recurrent
go:GO:0071830	not_recurrent
go:GO:0071867	not_recurrent
go:GO:0071897	not_recurrent
go:GO:0071932	not_recurrent
go:GO:0072201	not_recurrent
go:GO:0072347	not_recurrent
go:GO:0072348	not_recurrent
go:GO:0072396	not_recurrent
go:GO:0072553	not_recurrent
go:GO:0072578	not_recurrent
go:GO:0072673	not_recurrent
go:GO:0072710	not_recurrent
go:GO:0080164	not_recurrent
go:GO:0090009	not_recurrent
go:GO:0090077	not_recurrent
go:GO:0090091	not_recurrent
go:GO:0090128	not_recurrent
go:GO:0090129	not_recurrent
go:GO:0090166	not_recurrent
go:GO:0090186	not_recurrent
go:GO:0090188	not_recurrent
go:GO:0090207	not_recurrent
go:GO:0090208	not_recurrent
go:GO:0090209	not_recurrent
go:GO:0090231	not_recurrent
go:GO:0090232	not_recurrent
go:GO:0090235	not_recurrent
go:GO:0090306	not_recurrent
go:GO:0090325	not_recurrent
go:GO:0090370	not_recurrent
go:GO:0090394	not_recurrent
go:GO:0090493	not_recurrent
go:GO:0090592	not_recurrent
go:GO:0090657	not_recurrent
go:GO:0090659	not_recurrent
go:GO:0090672	not_recurrent
go:GO:0090673	not_recurrent
go:GO:0097006	not_recurrent
go:GO:0097090	not_recurrent
go:GO:0097091	not_recurrent
go:GO:0097105	not_recurrent
go:GO:0097106	not_recurrent
go:GO:0097107	not_recurrent
go:GO:0097113	not_recurrent
go:GO:0097114	not_recurrent
go:GO:0097119	not_recurrent
go:GO:0097120	not_recurrent
go:GO:0097150	not_recurrent
go:GO:0097154	not_recurrent
go:GO:0097178	not_recurrent
go:GO:0097305	not_recurrent
go:GO:0097306	not_recurrent
go:GO:0097581	not_recurrent
go:GO:0097646	not_recurrent
go:GO:0097647	not_recurrent
go:GO:0097752	not_recurrent
go:GO:0098664	not_recurrent
go:GO:0098696	not_recurrent
go:GO:0098698	not_recurrent
go:GO:0098700	not_recurrent
go:GO:0098739	not_recurrent
go:GO:0098771	not_recurrent
go:GO:0098810	not_recurrent
go:GO:0098813	not_recurrent
go:GO:0098815	not_recurrent
go:GO:0098856	not_recurrent
go:GO:0098877	not_recurrent
go:GO:0098880	not_recurrent
go:GO:0098884	not_recurrent
go:GO:0098887	not_recurrent
go:GO:0098926	not_recurrent
go:GO:0098953	not_recurrent
go:GO:0098976	not_recurrent
go:GO:0098989	not_recurrent
go:GO:0098990	not_recurrent
go:GO:0099054	not_recurrent
go:GO:0099068	not_recurrent
go:GO:0099072	not_recurrent
go:GO:0099084	not_recurrent
go:GO:0099149	not_recurrent
go:GO:0099150	not_recurrent
go:GO:0099151	not_recurrent
go:GO:0099170	not_recurrent
go:GO:0099172	not_recurrent
go:GO:0099174	not_recurrent
go:GO:0099177	not_recurrent
go:GO:0099187	not_recurrent
go:GO:0099505	not_recurrent
go:GO:0099527	not_recurrent
go:GO:0099536	not_recurrent
go:GO:0099538	not_recurrent
go:GO:0099545	not_recurrent
go:GO:0099550	not_recurrent
go:GO:0099557	not_recurrent
go:GO:0099558	not_recurrent
go:GO:0099560	not_recurrent
go:GO:0099562	not_recurrent
go:GO:0099565	not_recurrent
go:GO:0099566	not_recurrent
go:GO:0099587	not_recurrent
go:GO:0099601	not_recurrent
go:GO:0099637	not_recurrent
go:GO:0099645	not_recurrent
go:GO:0106070	not_recurrent
go:GO:0106071	not_recurrent
go:GO:0106072	not_recurrent
go:GO:0106104	not_recurrent
go:GO:0110021	not_recurrent
go:GO:0110030	not_recurrent
go:GO:0110051	not_recurrent
go:GO:0110052	not_recurrent
go:GO:0110110	not_recurrent
go:GO:0120034	not_recurrent
go:GO:0120180	not_recurrent
go:GO:0120182	not_recurrent
go:GO:0120183	not_recurrent
go:GO:0120186	not_recurrent
go:GO:0140014	not_recurrent
go:GO:0140042	not_recurrent
go:GO:0140052	not_recurrent
go:GO:0140075	not_recurrent
go:GO:0140077	not_recurrent
go:GO:0140115	not_recurrent
go:GO:0140227	not_recurrent
go:GO:0140495	not_recurrent
go:GO:0140499	not_recurrent
go:GO:0141156	not_recurrent
go:GO:0141161	not_recurrent
go:GO:0141162	not_recurrent
go:GO:0141163	not_recurrent
go:GO:0150003	not_recurrent
go:GO:0150099	not_recurrent
go:GO:0150115	not_recurrent
go:GO:0150116	not_recurrent
go:GO:0150117	not_recurrent
go:GO:0150118	not_recurrent
go:GO:0160001	not_recurrent
go:GO:0160077	not_recurrent
go:GO:0160184	not_recurrent
go:GO:0160213	not_recurrent
go:GO:0160221	not_recurrent
go:GO:0170033	not_recurrent
go:GO:0170035	not_recurrent
go:GO:0170038	not_recurrent
go:GO:0170041	not_recurrent
go:GO:0170043	not_recurrent
go:GO:0170044	not_recurrent
go:GO:0170062	not_recurrent
go:GO:1900024	not_recurrent
go:GO:1900025	not_recurrent
go:GO:1900026	not_recurrent
go:GO:1900027	not_recurrent
go:GO:1900028	not_recurrent
go:GO:1900029	not_recurrent
go:GO:1900271	not_recurrent
go:GO:1900272	not_recurrent
go:GO:1900273	not_recurrent
go:GO:1900449	not_recurrent
go:GO:1900451	not_recurrent
go:GO:1900452	not_recurrent
go:GO:1900454	not_recurrent
go:GO:1900736	not_recurrent
go:GO:1900738	not_recurrent
go:GO:1901078	not_recurrent
go:GO:1901080	not_recurrent
go:GO:1901136	not_recurrent
go:GO:1901143	not_recurrent
go:GO:1901162	not_recurrent
go:GO:1901289	not_recurrent
go:GO:1901290	not_recurrent
go:GO:1901374	not_recurrent
go:GO:1901605	not_recurrent
go:GO:1901607	not_recurrent
go:GO:1901626	not_recurrent
go:GO:1901653	not_recurrent
go:GO:1901655	not_recurrent
go:GO:1901701	not_recurrent
go:GO:1901858	not_recurrent
go:GO:1901890	not_recurrent
go:GO:1901976	not_recurrent
go:GO:1901977	not_recurrent
go:GO:1901978	not_recurrent
go:GO:1901993	not_recurrent
go:GO:1901994	not_recurrent
go:GO:1902031	not_recurrent
go:GO:1902065	not_recurrent
go:GO:1902307	not_recurrent
go:GO:1902358	not_recurrent
go:GO:1902423	not_recurrent
go:GO:1902425	not_recurrent
go:GO:1902463	not_recurrent
go:GO:1902473	not_recurrent
go:GO:1902683	not_recurrent
go:GO:1902692	not_recurrent
go:GO:1902742	not_recurrent
go:GO:1902743	not_recurrent
go:GO:1902744	not_recurrent
go:GO:1902745	not_recurrent
go:GO:1903062	not_recurrent
go:GO:1903083	not_recurrent
go:GO:1903224	not_recurrent
go:GO:1903276	not_recurrent
go:GO:1903288	not_recurrent
go:GO:1903365	not_recurrent
go:GO:1903367	not_recurrent
go:GO:1903416	not_recurrent
go:GO:1903859	not_recurrent
go:GO:1903925	not_recurrent
go:GO:1903935	not_recurrent
go:GO:1904353	not_recurrent
go:GO:1904354	not_recurrent
go:GO:1904355	not_recurrent
go:GO:1904356	not_recurrent
go:GO:1904357	not_recurrent
go:GO:1904358	not_recurrent
go:GO:1904373	not_recurrent
go:GO:1904386	not_recurrent
go:GO:1904429	not_recurrent
go:GO:1904478	not_recurrent
go:GO:1904480	not_recurrent
go:GO:1904502	not_recurrent
go:GO:1904505	not_recurrent
go:GO:1904638	not_recurrent
go:GO:1904861	not_recurrent
go:GO:1904872	not_recurrent
go:GO:1904874	not_recurrent
go:GO:1904889	not_recurrent
go:GO:1904904	not_recurrent
go:GO:1904906	not_recurrent
go:GO:1904936	not_recurrent
go:GO:1905039	not_recurrent
go:GO:1905133	not_recurrent
go:GO:1905144	not_recurrent
go:GO:1905207	not_recurrent
go:GO:1905232	not_recurrent
go:GO:1905289	not_recurrent
go:GO:1905323	not_recurrent
go:GO:1905330	not_recurrent
go:GO:1905331	not_recurrent
go:GO:1905332	not_recurrent
go:GO:1905634	not_recurrent
go:GO:1905691	not_recurrent
go:GO:1905770	not_recurrent
go:GO:1905820	not_recurrent
go:GO:1905874	not_recurrent
go:GO:1905952	not_recurrent
go:GO:1905953	not_recurrent
go:GO:1905954	not_recurrent
go:GO:1990403	not_recurrent
go:GO:1990408	not_recurrent
go:GO:1990410	not_recurrent
go:GO:1990573	not_recurrent
go:GO:1990708	not_recurrent
go:GO:1990709	not_recurrent
go:GO:1990806	not_recurrent
go:GO:2000027	not_recurrent
go:GO:2000177	not_recurrent
go:GO:2000178	not_recurrent
go:GO:2000179	not_recurrent
go:GO:2000242	not_recurrent
go:GO:2000278	not_recurrent
go:GO:2000279	not_recurrent
go:GO:2000311	not_recurrent
go:GO:2000380	not_recurrent
go:GO:2000392	not_recurrent
go:GO:2000394	not_recurrent
go:GO:2000463	not_recurrent
go:GO:2000543	not_recurrent
go:GO:2000573	not_recurrent
go:GO:2000601	not_recurrent
go:GO:2000649	not_recurrent
go:GO:2000725	not_recurrent
go:GO:2000726	not_recurrent
go:GO:2000727	not_recurrent
go:GO:2000807	not_recurrent
go:GO:2001033	not_recurrent
go:GO:2001044	not_recurrent
go:GO:2001045	not_recurrent
go:GO:2001046	not_recurrent
go:GO:2001057	not_recurrent
go:GO:2001222	not_recurrent
go:GO:2001223	not_recurrent
go:GO:2001224	not_recurrent
go:GO:2001251	not_recurrent
go:GO:2001252	not_recurrent
hallmark:HALLMARK_APICAL_SURFACE	not_recurrent
hallmark:HALLMARK_GLYCOLYSIS	not_recurrent
reactome:R-HSA-109703	not_recurrent
reactome:R-HSA-110312	not_recurrent
reactome:R-HSA-110313	not_recurrent
reactome:R-HSA-110314	not_recurrent
reactome:R-HSA-110320	not_recurrent
reactome:R-HSA-110373	not_recurrent
reactome:R-HSA-111885	not_recurrent
reactome:R-HSA-112311	not_recurrent
reactome:R-HSA-112314	not_recurrent
reactome:R-HSA-112316	not_recurrent
reactome:R-HSA-1296059	not_recurrent
reactome:R-HSA-1296065	not_recurrent
reactome:R-HSA-1296067	not_recurrent
reactome:R-HSA-1299316	not_recurrent
reactome:R-HSA-1299361	not_recurrent
reactome:R-HSA-1369062	not_recurrent
reactome:R-HSA-140179	not_recurrent
reactome:R-HSA-141333	not_recurrent
reactome:R-HSA-141424	not_recurrent
reactome:R-HSA-141444	not_recurrent
reactome:R-HSA-1482883	not_recurrent
reactome:R-HSA-157579	not_recurrent
reactome:R-HSA-1592230	not_recurrent
reactome:R-HSA-162658	not_recurrent
reactome:R-HSA-163358	not_recurrent
reactome:R-HSA-163359	not_recurrent
reactome:R-HSA-163560	not_recurrent
reactome:R-HSA-163680	not_recurrent
reactome:R-HSA-163754	not_recurrent
reactome:R-HSA-1643685	not_recurrent
reactome:R-HSA-164378	not_recurrent
reactome:R-HSA-165160	not_recurrent
reactome:R-HSA-170670	not_recurrent
reactome:R-HSA-170822	not_recurrent
reactome:R-HSA-171306	not_recurrent
reactome:R-HSA-171319	not_recurrent
reactome:R-HSA-174411	not_recurrent
reactome:R-HSA-174414	not_recurrent
reactome:R-HSA-174417	not_recurrent
reactome:R-HSA-174430	not_recurrent
reactome:R-HSA-174437	not_recurrent
reactome:R-HSA-174824	not_recurrent
reactome:R-HSA-180024	not_recurrent
reactome:R-HSA-180786	not_recurrent
reactome:R-HSA-181430	not_recurrent
reactome:R-HSA-181431	not_recurrent
reactome:R-HSA-192456	not_recurrent
reactome:R-HSA-194315	not_recurrent
reactome:R-HSA-195258	not_recurrent
reactome:R-HSA-196780	not_recurrent
reactome:R-HSA-202040	not_recurrent
reactome:R-HSA-202131	not_recurrent
reactome:R-HSA-203615	not_recurrent
reactome:R-HSA-203641	not_recurrent
reactome:R-HSA-203754	not_recurrent
reactome:R-HSA-209776	not_recurrent
reactome:R-HSA-209905	not_recurrent
reactome:R-HSA-209931	not_recurrent
reactome:R-HSA-210991	not_recurrent
reactome:R-HSA-2151209	not_recurrent
reactome:R-HSA-2160456	not_recurrent
reactome:R-HSA-216083	not_recurrent
reactome:R-HSA-2173782	not_recurrent
reactome:R-HSA-2555396	not_recurrent
reactome:R-HSA-2892245	not_recurrent
reactome:R-HSA-2892247	not_recurrent
reactome:R-HSA-2980767	not_recurrent
reactome:R-HSA-3000170	not_recurrent
reactome:R-HSA-3000171	not_recurrent
reactome:R-HSA-3000471	not_recurrent
reactome:R-HSA-3000484	not_recurrent
reactome:R-HSA-3238698	not_recurrent
reactome:R-HSA-3274531	not_recurrent
reactome:R-HSA-3301854	not_recurrent
reactome:R-HSA-3323169	not_recurrent
reactome:R-HSA-3359471	not_recurrent
reactome:R-HSA-3359475	not_recurrent
reactome:R-HSA-3359478	not_recurrent
reactome:R-HSA-3371598	not_recurrent
reactome:R-HSA-3371599	not_recurrent
reactome:R-HSA-354194	not_recurrent
reactome:R-HSA-372790	not_recurrent
reactome:R-HSA-373076	not_recurrent
reactome:R-HSA-373080	not_recurrent
reactome:R-HSA-375165	not_recurrent
reactome:R-HSA-375276	not_recurrent
reactome:R-HSA-375280	not_recurrent
reactome:R-HSA-379397	not_recurrent
reactome:R-HSA-379398	not_recurrent
reactome:R-HSA-379401	not_recurrent
reactome:R-HSA-380095	not_recurrent
reactome:R-HSA-380612	not_recurrent
reactome:R-HSA-380615	not_recurrent
reactome:R-HSA-382551	not_recurrent
reactome:R-HSA-388396	not_recurrent
reactome:R-HSA-388844	not_recurrent
reactome:R-HSA-389661	not_recurrent
reactome:R-HSA-390648	not_recurrent
reactome:R-HSA-390650	not_recurrent
reactome:R-HSA-390651	not_recurrent
reactome:R-HSA-390666	not_recurrent
reactome:R-HSA-392154	not_recurrent
reactome:R-HSA-399710	not_recurrent
reactome:R-HSA-399719	not_recurrent
reactome:R-HSA-399721	not_recurrent
reactome:R-HSA-399997	not_recurrent
reactome:R-HSA-416476	not_recurrent
reactome:R-HSA-416993	not_recurrent
reactome:R-HSA-418217	not_recurrent
reactome:R-HSA-418457	not_recurrent
reactome:R-HSA-418555	not_recurrent
reactome:R-HSA-418594	not_recurrent
reactome:R-HSA-418597	not_recurrent
reactome:R-HSA-419037	not_recurrent
reactome:R-HSA-419812	not_recurrent
reactome:R-HSA-420092	not_recurrent
reactome:R-HSA-425407	not_recurrent
reactome:R-HSA-425986	not_recurrent
reactome:R-HSA-426117	not_recurrent
reactome:R-HSA-427601	not_recurrent
reactome:R-HSA-428643	not_recurrent
reactome:R-HSA-432030	not_recurrent
reactome:R-HSA-433137	not_recurrent
reactome:R-HSA-438064	not_recurrent
reactome:R-HSA-438066	not_recurrent
reactome:R-HSA-442742	not_recurrent
reactome:R-HSA-442755	not_recurrent
reactome:R-HSA-442982	not_recurrent
reactome:R-HSA-444821	not_recurrent
reactome:R-HSA-445355	not_recurrent
reactome:R-HSA-446343	not_recurrent
reactome:R-HSA-446353	not_recurrent
reactome:R-HSA-446388	not_recurrent
reactome:R-HSA-451306	not_recurrent
reactome:R-HSA-451307	not_recurrent
reactome:R-HSA-451308	not_recurrent
reactome:R-HSA-451326	not_recurrent
reactome:R-HSA-452723	not_recurrent
reactome:R-HSA-500657	not_recurrent
reactome:R-HSA-500792	not_recurrent
reactome:R-HSA-5218920	not_recurrent
reactome:R-HSA-549127	not_recurrent
reactome:R-HSA-5578768	not_recurrent
reactome:R-HSA-5579012	not_recurrent
reactome:R-HSA-5609976	not_recurrent
reactome:R-HSA-5609977	not_recurrent
reactome:R-HSA-5609978	not_recurrent
reactome:R-HSA-5619039	not_recurrent
reactome:R-HSA-5619046	not_recurrent
reactome:R-HSA-5619054	not_recurrent
reactome:R-HSA-5619056	not_recurrent
reactome:R-HSA-5619070	not_recurrent
reactome:R-HSA-5619081	not_recurrent
reactome:R-HSA-5619084	not_recurrent
reactome:R-HSA-5619085	not_recurrent
reactome:R-HSA-5619087	not_recurrent
reactome:R-HSA-5619092	not_recurrent
reactome:R-HSA-5619102	not_recurrent
reactome:R-HSA-5619104	not_recurrent
reactome:R-HSA-5619109	not_recurrent
reactome:R-HSA-5619114	not_recurrent
reactome:R-HSA-5619115	not_recurrent
reactome:R-HSA-5625740	not_recurrent
reactome:R-HSA-5626467	not_recurrent
reactome:R-HSA-5627083	not_recurrent
reactome:R-HSA-5627123	not_recurrent
reactome:R-HSA-5628897	not_recurrent
reactome:R-HSA-5651801	not_recurrent
reactome:R-HSA-5652084	not_recurrent
reactome:R-HSA-5652227	not_recurrent
reactome:R-HSA-5655862	not_recurrent
reactome:R-HSA-5656121	not_recurrent
reactome:R-HSA-5656169	not_recurrent
reactome:R-HSA-5657560	not_recurrent
reactome:R-HSA-5657562	not_recurrent
reactome:R-HSA-5658471	not_recurrent
reactome:R-HSA-5659996	not_recurrent
reactome:R-HSA-5660724	not_recurrent
reactome:R-HSA-5661270	not_recurrent
reactome:R-HSA-5662853	not_recurrent
reactome:R-HSA-5663213	not_recurrent
reactome:R-HSA-5663220	not_recurrent
reactome:R-HSA-5666185	not_recurrent
reactome:R-HSA-5678895	not_recurrent
reactome:R-HSA-5679090	not_recurrent
reactome:R-HSA-5679096	not_recurrent
reactome:R-HSA-5682113	not_recurrent
reactome:R-HSA-5682910	not_recurrent
reactome:R-HSA-5693532	not_recurrent
reactome:R-HSA-5696397	not_recurrent
reactome:R-HSA-606279	not_recurrent
reactome:R-HSA-622323	not_recurrent
reactome:R-HSA-622327	not_recurrent
reactome:R-HSA-629587	not_recurrent
reactome:R-HSA-629594	not_recurrent
reactome:R-HSA-629597	not_recurrent
reactome:R-HSA-6783310	not_recurrent
reactome:R-HSA-6783984	not_recurrent
reactome:R-HSA-6791055	not_recurrent
reactome:R-HSA-6791461	not_recurrent
reactome:R-HSA-6791462	not_recurrent
reactome:R-HSA-6791465	not_recurrent
reactome:R-HSA-6794361	not_recurrent
reactome:R-HSA-6794362	not_recurrent
reactome:R-HSA-6807070	not_recurrent
reactome:R-HSA-68877	not_recurrent
reactome:R-HSA-68882	not_recurrent
reactome:R-HSA-68886	not_recurrent
reactome:R-HSA-68952	not_recurrent
reactome:R-HSA-69091	not_recurrent
reactome:R-HSA-69109	not_recurrent
reactome:R-HSA-69166	not_recurrent
reactome:R-HSA-69183	not_recurrent
reactome:R-HSA-69186	not_recurrent
reactome:R-HSA-69190	not_recurrent
reactome:R-HSA-69618	not_recurrent
reactome:R-HSA-70171	not_recurrent
reactome:R-HSA-70263	not_recurrent
reactome:R-HSA-70326	not_recurrent
reactome:R-HSA-70350	not_recurrent
reactome:R-HSA-70370	not_recurrent
reactome:R-HSA-70688	not_recurrent
reactome:R-HSA-70895	not_recurrent
reactome:R-HSA-70921	not_recurrent
reactome:R-HSA-71032	not_recurrent
reactome:R-HSA-71064	not_recurrent
reactome:R-HSA-71291	not_recurrent
reactome:R-HSA-71336	not_recurrent
reactome:R-HSA-71387	not_recurrent
reactome:R-HSA-73886	not_recurrent
reactome:R-HSA-73893	not_recurrent
reactome:R-HSA-75109	not_recurrent
reactome:R-HSA-75153	not_recurrent
reactome:R-HSA-774815	not_recurrent
reactome:R-HSA-880009	not_recurrent
reactome:R-HSA-8849175	not_recurrent
reactome:R-HSA-8849932	not_recurrent
reactome:R-HSA-8866423	not_recurrent
reactome:R-HSA-8941237	not_recurrent
reactome:R-HSA-8942233	not_recurrent
reactome:R-HSA-8943724	not_recurrent
reactome:R-HSA-8948751	not_recurrent
reactome:R-HSA-8963678	not_recurrent
reactome:R-HSA-8963684	not_recurrent
reactome:R-HSA-8963888	not_recurrent
reactome:R-HSA-8963889	not_recurrent
reactome:R-HSA-8963896	not_recurrent
reactome:R-HSA-8963898	not_recurrent
reactome:R-HSA-8963899	not_recurrent
reactome:R-HSA-8963901	not_recurrent
reactome:R-HSA-8964011	not_recurrent
reactome:R-HSA-8964026	not_recurrent
reactome:R-HSA-8964041	not_recurrent
reactome:R-HSA-8964046	not_recurrent
reactome:R-HSA-8964058	not_recurrent
reactome:R-HSA-8964572	not_recurrent
reactome:R-HSA-8964616	not_recurrent
reactome:R-HSA-8979227	not_recurrent
reactome:R-HSA-8980692	not_recurrent
reactome:R-HSA-9006821	not_recurrent
reactome:R-HSA-9012999	not_recurrent
reactome:R-HSA-9013026	not_recurrent
reactome:R-HSA-9013106	not_recurrent
reactome:R-HSA-9013148	not_recurrent
reactome:R-HSA-9013149	not_recurrent
reactome:R-HSA-9013404	not_recurrent
reactome:R-HSA-9013408	not_recurrent
reactome:R-HSA-9013409	not_recurrent
reactome:R-HSA-9013420	not_recurrent
reactome:R-HSA-9013422	not_recurrent
reactome:R-HSA-9013423	not_recurrent
reactome:R-HSA-9024446	not_recurrent
reactome:R-HSA-9029569	not_recurrent
reactome:R-HSA-9031528	not_recurrent
reactome:R-HSA-9032500	not_recurrent
reactome:R-HSA-9035034	not_recurrent
reactome:R-HSA-916853	not_recurrent
reactome:R-HSA-936837	not_recurrent
reactome:R-HSA-947581	not_recurrent
reactome:R-HSA-9609736	not_recurrent
reactome:R-HSA-9613354	not_recurrent
reactome:R-HSA-9617324	not_recurrent
reactome:R-HSA-9617828	not_recurrent
reactome:R-HSA-9619229	not_recurrent
reactome:R-HSA-9619483	not_recurrent
reactome:R-HSA-9620244	not_recurrent
reactome:R-HSA-9632974	not_recurrent
reactome:R-HSA-9634600	not_recurrent
reactome:R-HSA-9634815	not_recurrent
reactome:R-HSA-9648025	not_recurrent
reactome:R-HSA-964975	not_recurrent
reactome:R-HSA-9670095	not_recurrent
reactome:R-HSA-9670613	not_recurrent
reactome:R-HSA-9670615	not_recurrent
reactome:R-HSA-9670621	not_recurrent
reactome:R-HSA-9673013	not_recurrent
reactome:R-HSA-9696264	not_recurrent
reactome:R-HSA-9716542	not_recurrent
reactome:R-HSA-9754189	not_recurrent
reactome:R-HSA-9758919	not_recurrent
reactome:R-HSA-9758920	not_recurrent
reactome:R-HSA-9759774	not_recurrent
reactome:R-HSA-9759785	not_recurrent
reactome:R-HSA-9768759	not_recurrent
reactome:R-HSA-9768777	not_recurrent
reactome:R-HSA-9768919	not_recurrent
reactome:R-HSA-977347	not_recurrent
reactome:R-HSA-977443	not_recurrent
reactome:R-HSA-977444	not_recurrent
reactome:R-HSA-9796292	not_recurrent
reactome:R-HSA-9820448	not_recurrent
reactome:R-HSA-9823730	not_recurrent
reactome:R-HSA-9823739	not_recurrent
reactome:R-HSA-9832991	not_recurrent
reactome:R-HSA-9834899	not_recurrent
reactome:R-HSA-983712	not_recurrent
reactome:R-HSA-9856872	not_recurrent
reactome:R-HSA-9857492	not_recurrent
reactome:R-HSA-9858328	not_recurrent
reactome:R-HSA-9859138	not_recurrent
reactome:R-HSA-9865113	not_recurrent
reactome:R-HSA-9865114	not_recurrent
reactome:R-HSA-9865118	not_recurrent
reactome:R-HSA-9865125	not_recurrent
reactome:R-HSA-9907570	not_recurrent
reactome:R-HSA-9909438	not_recurrent
reactome:R-HSA-9911233	not_recurrent
reactome:R-HSA-9912481	not_recurrent
reactome:R-HSA-9912529	not_recurrent
reactome:R-HSA-9913635	not_recurrent
reactome:R-HSA-991365	not_recurrent
reactome:R-HSA-9914274	not_recurrent
reactome:R-HSA-9914355	not_recurrent
reactome:R-HSA-9915355	not_recurrent
reactome:R-HSA-9916720	not_recurrent
reactome:R-HSA-9916722	not_recurrent
reactome:R-HSA-9925563	not_recurrent
reactome:R-HSA-9931929	not_recurrent
reactome:R-HSA-9955298	not_recurrent
reactome:R-HSA-9958517	not_recurrent
reactome:R-HSA-9958790	not_recurrent
reactome:R-HSA-9968297	not_recurrent
reactome:R-HSA-997272	not_recurrent
