key	source	excluded_on	decided_by	rule	evidence_first_sentence
btm:M125	btm	2026-10-09	Aviyah	self-described heterogeneous TBA BTM: the generated description states in its first sentence that no single or coherent process unites the genes, or calls the set heterogeneous or loosely connected	This is a heterogeneous grouping rather than a single mechanism, but its members converge on the theme of cell-type-specific differentiation and the signalling that supports it.
btm:M153	btm	2026-10-09	Aviyah	self-described heterogeneous TBA BTM: the generated description states in its first sentence that no single or coherent process unites the genes, or calls the set heterogeneous or loosely connected	No single process unites these genes; they instead sample several core housekeeping systems that any proliferating cell depends on.
btm:M184.1	btm	2026-10-09	Aviyah	self-described heterogeneous TBA BTM: the generated description states in its first sentence that no single or coherent process unites the genes, or calls the set heterogeneous or loosely connected	A heterogeneous module in which scaffolded stress-kinase signalling meets secretory and growth control.
btm:M211	btm	2026-10-09	Aviyah	self-described heterogeneous TBA BTM: the generated description states in its first sentence that no single or coherent process unites the genes, or calls the set heterogeneous or loosely connected	This is a loosely connected housekeeping module whose members support cell growth control, membrane and organelle dynamics, and the damping of stress signalling rather than one linear route.
btm:M218	btm	2026-10-09	Aviyah	self-described heterogeneous TBA BTM: the generated description states in its first sentence that no single or coherent process unites the genes, or calls the set heterogeneous or loosely connected	A loose assembly of housekeeping functions centred on nuclear gene expression and genome integrity, with additional arms in metabolism and membrane traffic.
btm:M221	btm	2026-10-09	Aviyah	self-described heterogeneous TBA BTM: the generated description states in its first sentence that no single or coherent process unites the genes, or calls the set heterogeneous or loosely connected	No single process unites these genes; they sample several unrelated areas of biology, and the most useful reading is of the parts.
btm:M233	btm	2026-10-09	Aviyah	self-described heterogeneous TBA BTM: the generated description states in its first sentence that no single or coherent process unites the genes, or calls the set heterogeneous or loosely connected	No single canonical route unites these genes; what they share is a bias toward developmental patterning and tissue-specific differentiation programmes.
btm:M241	btm	2026-10-09	Aviyah	self-described heterogeneous TBA BTM: the generated description states in its first sentence that no single or coherent process unites the genes, or calls the set heterogeneous or loosely connected	This is a heterogeneous grouping rather than a coherent signalling route, and the biology it points to is best read gene by gene.
btm:M246	btm	2026-10-09	Aviyah	self-described heterogeneous TBA BTM: the generated description states in its first sentence that no single or coherent process unites the genes, or calls the set heterogeneous or loosely connected	No single physiological programme unites these genes; the group is best read as a loose collection spanning lipid storage, growth-factor feedback, small RNA transcription and nutrient transport, several of whose members remain uncharacterised open reading frames or polymerase-related pseudogene sequences.
btm:M32.5	btm	2026-10-09	Aviyah	self-described heterogeneous TBA BTM: the generated description states in its first sentence that no single or coherent process unites the genes, or calls the set heterogeneous or loosely connected	A heterogeneous grouping of housekeeping regulators that link membrane traffic, chromatin-based transcriptional repression, and reversible protein modification.
btm:M41.0	btm	2026-10-09	Aviyah	self-described heterogeneous TBA BTM: the generated description states in its first sentence that no single or coherent process unites the genes, or calls the set heterogeneous or loosely connected	No single mechanism unites these genes; they are better read as a collection of tissue-restricted and developmentally regulated products drawn from several unrelated processes.
btm:M41.1	btm	2026-10-09	Aviyah	self-described heterogeneous TBA BTM: the generated description states in its first sentence that no single or coherent process unites the genes, or calls the set heterogeneous or loosely connected	No single coherent process unites these genes; they span secreted signalling, metal handling, steroid synthesis, muscle structure and mucosal defence, so the grouping is best read as a heterogeneous collection rather than one mechanism.
btm:M41.3	btm	2026-10-09	Aviyah	self-described heterogeneous TBA BTM: the generated description states in its first sentence that no single or coherent process unites the genes, or calls the set heterogeneous or loosely connected	This is a heterogeneous grouping whose members share little beyond being tissue-restricted effectors and regulators of differentiated cell function, so it is best read as a composite of developmental patterning and organ-specific specialisation rather than a single mechanism.
btm:M70.0	btm	2026-10-09	Aviyah	self-described heterogeneous TBA BTM: the generated description states in its first sentence that no single or coherent process unites the genes, or calls the set heterogeneous or loosely connected	This grouping has no single coherent pathway identity; the genes converge loosely on vascular and inflammatory tissue biology together with transcriptional control of differentiation.
btm:M72.0	btm	2026-10-09	Aviyah	self-described heterogeneous TBA BTM: the generated description states in its first sentence that no single or coherent process unites the genes, or calls the set heterogeneous or loosely connected	No single canonical route unites these genes; together they sketch a broad regulatory module spanning nuclear gene control, ubiquitin-dependent signalling, and membrane and cytoskeletal dynamics of proliferating cells.
btm:M72.2	btm	2026-10-09	Aviyah	self-described heterogeneous TBA BTM: the generated description states in its first sentence that no single or coherent process unites the genes, or calls the set heterogeneous or loosely connected	This is a loosely connected group of regulatory proteins rather than a single biochemical route, spanning chromatin, RNA metabolism, membranes and the cytoskeleton, and it is best read as a set of general-purpose control points on gene expression and protein localisation.
btm:M98.1	btm	2026-10-09	Aviyah	self-described heterogeneous TBA BTM: the generated description states in its first sentence that no single or coherent process unites the genes, or calls the set heterogeneous or loosely connected	No coherent biology links these genes, which span unrelated compartments and organ systems, so the set is best read as a heterogeneous grouping rather than a functional module.
