source	strength	band	n	measure	auroc	cliffs_delta
collision	redundancy	0.15 < J <= 1	38	descriptions	0.9774	0.9548
collision	redundancy	0.05 < J <= 0.15	33	descriptions	0.9962	0.9924
collision	redundancy	0.01 < J <= 0.05	17	descriptions	0.9999	0.9999
collision	redundancy	0.15 < J <= 1	38	name-stripped	0.8907	0.7815
collision	redundancy	0.05 < J <= 0.15	33	name-stripped	0.9442	0.8883
collision	redundancy	0.01 < J <= 0.05	17	name-stripped	0.9933	0.9865
collision	redundancy	0.15 < J <= 1	38	jaccard	0.5361	0.0723
collision	redundancy	0.05 < J <= 0.15	33	jaccard	0.6896	0.3792
collision	redundancy	0.01 < J <= 0.05	17	jaccard	0.5751	0.1502
collision	redundancy	0.15 < J <= 1	38	ochiai	0.4945	-0.0111
collision	redundancy	0.05 < J <= 0.15	33	ochiai	0.7513	0.5027
collision	redundancy	0.01 < J <= 0.05	17	ochiai	0.8378	0.6756
collision	redundancy	0.15 < J <= 1	38	overlap	0.3909	-0.2182
collision	redundancy	0.05 < J <= 0.15	33	overlap	0.7152	0.4304
collision	redundancy	0.01 < J <= 0.05	17	overlap	0.8586	0.7173
collision	redundancy	0.15 < J <= 1	38	kappa	0.5237	0.0474
collision	redundancy	0.05 < J <= 0.15	33	kappa	0.6919	0.3838
collision	redundancy	0.01 < J <= 0.05	17	kappa	0.6399	0.2798
reactome2go	strong	0.15 < J <= 1	36	descriptions	0.9608	0.9217
reactome2go	strong	0.05 < J <= 0.15	23	descriptions	0.9901	0.9803
reactome2go	strong	0.01 < J <= 0.05	13	descriptions	0.9387	0.8775
reactome2go	strong	0.15 < J <= 1	36	name-stripped	0.8930	0.7860
reactome2go	strong	0.05 < J <= 0.15	23	name-stripped	0.9183	0.8366
reactome2go	strong	0.01 < J <= 0.05	13	name-stripped	0.8872	0.7745
reactome2go	strong	0.15 < J <= 1	36	jaccard	0.5477	0.0955
reactome2go	strong	0.05 < J <= 0.15	23	jaccard	0.7896	0.5793
reactome2go	strong	0.01 < J <= 0.05	13	jaccard	0.6741	0.3482
reactome2go	strong	0.15 < J <= 1	36	ochiai	0.5131	0.0262
reactome2go	strong	0.05 < J <= 0.15	23	ochiai	0.7750	0.5501
reactome2go	strong	0.01 < J <= 0.05	13	ochiai	0.7950	0.5900
reactome2go	strong	0.15 < J <= 1	36	overlap	0.4120	-0.1760
reactome2go	strong	0.05 < J <= 0.15	23	overlap	0.6954	0.3908
reactome2go	strong	0.01 < J <= 0.05	13	overlap	0.8167	0.6333
reactome2go	strong	0.15 < J <= 1	36	kappa	0.5384	0.0767
reactome2go	strong	0.05 < J <= 0.15	23	kappa	0.7917	0.5835
reactome2go	strong	0.01 < J <= 0.05	13	kappa	0.7097	0.4193
reactome-siblings	weak	0.15 < J <= 1	33	descriptions	0.7373	0.4746
reactome-siblings	weak	0.05 < J <= 0.15	39	descriptions	0.8221	0.6441
reactome-siblings	weak	0.01 < J <= 0.05	40	descriptions	0.8380	0.6760
reactome-siblings	weak	0 < J <= 0.01	13	descriptions	0.8548	0.7095
reactome-siblings	weak	exactly 0	190	descriptions	0.9015	0.8029
reactome-siblings	weak	0.15 < J <= 1	33	name-stripped	0.6968	0.3937
reactome-siblings	weak	0.05 < J <= 0.15	39	name-stripped	0.7474	0.4949
reactome-siblings	weak	0.01 < J <= 0.05	40	name-stripped	0.7780	0.5560
reactome-siblings	weak	0 < J <= 0.01	13	name-stripped	0.7613	0.5225
reactome-siblings	weak	exactly 0	190	name-stripped	0.7836	0.5673
reactome-siblings	weak	0.15 < J <= 1	33	jaccard	0.7471	0.4942
reactome-siblings	weak	0.05 < J <= 0.15	39	jaccard	0.6871	0.3741
reactome-siblings	weak	0.01 < J <= 0.05	40	jaccard	0.7155	0.4309
reactome-siblings	weak	0 < J <= 0.01	13	jaccard	0.7431	0.4863
reactome-siblings	weak	exactly 0	190	jaccard	0.5000	0.0000
reactome-siblings	weak	0.15 < J <= 1	33	ochiai	0.7287	0.4574
reactome-siblings	weak	0.05 < J <= 0.15	39	ochiai	0.6768	0.3536
reactome-siblings	weak	0.01 < J <= 0.05	40	ochiai	0.6691	0.3381
reactome-siblings	weak	0 < J <= 0.01	13	ochiai	0.5545	0.1090
reactome-siblings	weak	exactly 0	190	ochiai	0.5000	0.0000
reactome-siblings	weak	0.15 < J <= 1	33	overlap	0.6085	0.2171
reactome-siblings	weak	0.05 < J <= 0.15	39	overlap	0.6321	0.2643
reactome-siblings	weak	0.01 < J <= 0.05	40	overlap	0.5774	0.1548
reactome-siblings	weak	0 < J <= 0.01	13	overlap	0.3952	-0.2096
reactome-siblings	weak	exactly 0	190	overlap	0.5000	0.0000
reactome-siblings	weak	0.15 < J <= 1	33	kappa	0.7519	0.5039
reactome-siblings	weak	0.05 < J <= 0.15	39	kappa	0.7178	0.4357
reactome-siblings	weak	0.01 < J <= 0.05	40	kappa	0.7136	0.4272
reactome-siblings	weak	0 < J <= 0.01	13	kappa	0.7069	0.4139
reactome-siblings	weak	exactly 0	190	kappa	0.7661	0.5323
reactome-siblings (fan-out<=6)	weak	0.15 < J <= 1	17	descriptions	0.6886	0.3773
reactome-siblings (fan-out<=6)	weak	0.05 < J <= 0.15	16	descriptions	0.8539	0.7078
reactome-siblings (fan-out<=6)	weak	0.01 < J <= 0.05	11	descriptions	0.9461	0.8922
reactome-siblings (fan-out<=6)	weak	exactly 0	27	descriptions	0.9561	0.9122
reactome-siblings (fan-out<=6)	weak	0.15 < J <= 1	17	name-stripped	0.6979	0.3959
reactome-siblings (fan-out<=6)	weak	0.05 < J <= 0.15	16	name-stripped	0.7724	0.5448
reactome-siblings (fan-out<=6)	weak	0.01 < J <= 0.05	11	name-stripped	0.8598	0.7195
reactome-siblings (fan-out<=6)	weak	exactly 0	27	name-stripped	0.9266	0.8533
reactome-siblings (fan-out<=6)	weak	0.15 < J <= 1	17	jaccard	0.7591	0.5182
reactome-siblings (fan-out<=6)	weak	0.05 < J <= 0.15	16	jaccard	0.6872	0.3745
reactome-siblings (fan-out<=6)	weak	0.01 < J <= 0.05	11	jaccard	0.8679	0.7357
reactome-siblings (fan-out<=6)	weak	exactly 0	27	jaccard	0.5000	0.0000
reactome-siblings (fan-out<=6)	weak	0.15 < J <= 1	17	ochiai	0.7421	0.4842
reactome-siblings (fan-out<=6)	weak	0.05 < J <= 0.15	16	ochiai	0.6702	0.3404
reactome-siblings (fan-out<=6)	weak	0.01 < J <= 0.05	11	ochiai	0.8285	0.6570
reactome-siblings (fan-out<=6)	weak	exactly 0	27	ochiai	0.5000	0.0000
reactome-siblings (fan-out<=6)	weak	0.15 < J <= 1	17	overlap	0.6055	0.2109
reactome-siblings (fan-out<=6)	weak	0.05 < J <= 0.15	16	overlap	0.6486	0.2973
reactome-siblings (fan-out<=6)	weak	0.01 < J <= 0.05	11	overlap	0.6834	0.3669
reactome-siblings (fan-out<=6)	weak	exactly 0	27	overlap	0.5000	0.0000
reactome-siblings (fan-out<=6)	weak	0.15 < J <= 1	17	kappa	0.7630	0.5260
reactome-siblings (fan-out<=6)	weak	0.05 < J <= 0.15	16	kappa	0.7189	0.4379
reactome-siblings (fan-out<=6)	weak	0.01 < J <= 0.05	11	kappa	0.8820	0.7641
reactome-siblings (fan-out<=6)	weak	exactly 0	27	kappa	0.5786	0.1571
go-siblings	weak	0.15 < J <= 1	73	descriptions	0.7402	0.4803
go-siblings	weak	0.05 < J <= 0.15	147	descriptions	0.7554	0.5108
go-siblings	weak	0.01 < J <= 0.05	335	descriptions	0.7556	0.5112
go-siblings	weak	0 < J <= 0.01	203	descriptions	0.7492	0.4985
go-siblings	weak	exactly 0	482	descriptions	0.8250	0.6500
go-siblings	weak	0.15 < J <= 1	73	name-stripped	0.7154	0.4307
go-siblings	weak	0.05 < J <= 0.15	147	name-stripped	0.6829	0.3657
go-siblings	weak	0.01 < J <= 0.05	335	name-stripped	0.6856	0.3712
go-siblings	weak	0 < J <= 0.01	203	name-stripped	0.6526	0.3052
go-siblings	weak	exactly 0	482	name-stripped	0.7363	0.4726
go-siblings	weak	0.15 < J <= 1	73	jaccard	0.5389	0.0779
go-siblings	weak	0.05 < J <= 0.15	147	jaccard	0.5485	0.0971
go-siblings	weak	0.01 < J <= 0.05	335	jaccard	0.5861	0.1722
go-siblings	weak	0 < J <= 0.01	203	jaccard	0.5765	0.1531
go-siblings	weak	exactly 0	482	jaccard	0.5000	0.0000
go-siblings	weak	0.15 < J <= 1	73	ochiai	0.5056	0.0112
go-siblings	weak	0.05 < J <= 0.15	147	ochiai	0.5767	0.1535
go-siblings	weak	0.01 < J <= 0.05	335	ochiai	0.6526	0.3052
go-siblings	weak	0 < J <= 0.01	203	ochiai	0.6951	0.3903
go-siblings	weak	exactly 0	482	ochiai	0.5000	0.0000
go-siblings	weak	0.15 < J <= 1	73	overlap	0.4186	-0.1627
go-siblings	weak	0.05 < J <= 0.15	147	overlap	0.5674	0.1347
go-siblings	weak	0.01 < J <= 0.05	335	overlap	0.6551	0.3102
go-siblings	weak	0 < J <= 0.01	203	overlap	0.6857	0.3713
go-siblings	weak	exactly 0	482	overlap	0.5000	0.0000
go-siblings	weak	0.15 < J <= 1	73	kappa	0.5326	0.0652
go-siblings	weak	0.05 < J <= 0.15	147	kappa	0.5383	0.0767
go-siblings	weak	0.01 < J <= 0.05	335	kappa	0.5924	0.1849
go-siblings	weak	0 < J <= 0.01	203	kappa	0.6250	0.2499
go-siblings	weak	exactly 0	482	kappa	0.4487	-0.1027
go-siblings (fan-out<=6)	weak	0.15 < J <= 1	31	descriptions	0.8301	0.6602
go-siblings (fan-out<=6)	weak	0.05 < J <= 0.15	26	descriptions	0.9195	0.8391
go-siblings (fan-out<=6)	weak	0.01 < J <= 0.05	30	descriptions	0.9577	0.9153
go-siblings (fan-out<=6)	weak	exactly 0	18	descriptions	0.9765	0.9531
go-siblings (fan-out<=6)	weak	0.15 < J <= 1	31	name-stripped	0.7800	0.5599
go-siblings (fan-out<=6)	weak	0.05 < J <= 0.15	26	name-stripped	0.8353	0.6706
go-siblings (fan-out<=6)	weak	0.01 < J <= 0.05	30	name-stripped	0.9174	0.8348
go-siblings (fan-out<=6)	weak	exactly 0	18	name-stripped	0.9570	0.9140
go-siblings (fan-out<=6)	weak	0.15 < J <= 1	31	jaccard	0.6094	0.2188
go-siblings (fan-out<=6)	weak	0.05 < J <= 0.15	26	jaccard	0.6657	0.3314
go-siblings (fan-out<=6)	weak	0.01 < J <= 0.05	30	jaccard	0.7970	0.5939
go-siblings (fan-out<=6)	weak	exactly 0	18	jaccard	0.5000	0.0000
go-siblings (fan-out<=6)	weak	0.15 < J <= 1	31	ochiai	0.5562	0.1124
go-siblings (fan-out<=6)	weak	0.05 < J <= 0.15	26	ochiai	0.6578	0.3155
go-siblings (fan-out<=6)	weak	0.01 < J <= 0.05	30	ochiai	0.7931	0.5863
go-siblings (fan-out<=6)	weak	exactly 0	18	ochiai	0.5000	0.0000
go-siblings (fan-out<=6)	weak	0.15 < J <= 1	31	overlap	0.4015	-0.1970
go-siblings (fan-out<=6)	weak	0.05 < J <= 0.15	26	overlap	0.5650	0.1299
go-siblings (fan-out<=6)	weak	0.01 < J <= 0.05	30	overlap	0.6952	0.3903
go-siblings (fan-out<=6)	weak	exactly 0	18	overlap	0.5000	0.0000
go-siblings (fan-out<=6)	weak	0.15 < J <= 1	31	kappa	0.6141	0.2282
go-siblings (fan-out<=6)	weak	0.05 < J <= 0.15	26	kappa	0.7032	0.4064
go-siblings (fan-out<=6)	weak	0.01 < J <= 0.05	30	kappa	0.8156	0.6312
go-siblings (fan-out<=6)	weak	exactly 0	18	kappa	0.6453	0.2907
