id	support	n_members	n_genes	label	provisional
k100:1	1.0000	14	667		true
k100:10	1.0000	25	864		true
k100:100	1.0000	20	2079		true
k100:11	1.0000	15	268		true
k100:12	1.0000	21	317		true
k100:13	1.0000	20	434		true
k100:14	1.0000	32	1605		true
k100:15	1.0000	22	765		true
k100:16	1.0000	9	121		true
k100:17	1.0000	10	349		true
k100:18	1.0000	16	476		true
k100:19	1.0000	19	1012		true
k100:2	1.0000	32	1055		true
k100:20	1.0000	34	963		true
k100:21	1.0000	17	492		true
k100:22	1.0000	25	531		true
k100:23	1.0000	13	2518		true
k100:24	1.0000	23	923		true
k100:25	1.0000	16	541		true
k100:26	1.0000	15	141		true
k100:27	1.0000	14	345		true
k100:28	1.0000	28	1648		true
k100:29	1.0000	18	743		true
k100:3	1.0000	38	968		true
k100:30	1.0000	14	542		true
k100:31	1.0000	28	1972		true
k100:32	1.0000	13	3094		true
k100:33	1.0000	20	624		true
k100:34	1.0000	17	876		true
k100:35	1.0000	35	2922		true
k100:36	1.0000	25	855		true
k100:37	1.0000	45	2628		true
k100:38	1.0000	9	27		true
k100:39	1.0000	11	290		true
k100:4	1.0000	19	836		true
k100:40	1.0000	27	1362		true
k100:41	1.0000	20	2203		true
k100:42	1.0000	8	193		true
k100:43	1.0000	16	590		true
k100:44	1.0000	10	576		true
k100:45	1.0000	20	1450		true
k100:46	1.0000	17	844		true
k100:47	1.0000	16	809		true
k100:48	1.0000	19	1146		true
k100:49	1.0000	8	788		true
k100:5	1.0000	5	19		true
k100:50	1.0000	17	221		true
k100:51	1.0000	51	1750		true
k100:52	1.0000	6	115		true
k100:53	1.0000	18	1355		true
k100:54	1.0000	11	82		true
k100:55	1.0000	29	897		true
k100:56	1.0000	16	1582		true
k100:57	1.0000	9	63		true
k100:58	1.0000	5	362		true
k100:59	1.0000	22	904		true
k100:6	1.0000	31	1041		true
k100:60	1.0000	9	290		true
k100:61	1.0000	35	1561		true
k100:62	1.0000	23	1278		true
k100:63	1.0000	17	238		true
k100:64	1.0000	13	557		true
k100:65	1.0000	20	2896		true
k100:66	1.0000	14	1256		true
k100:67	1.0000	13	449		true
k100:68	1.0000	28	1822		true
k100:69	1.0000	13	901		true
k100:7	1.0000	20	579		true
k100:70	1.0000	15	535		true
k100:71	1.0000	13	196		true
k100:72	1.0000	16	1711		true
k100:73	1.0000	12	345		true
k100:74	1.0000	17	718		true
k100:75	1.0000	11	141		true
k100:76	1.0000	19	472		true
k100:77	1.0000	15	216		true
k100:78	1.0000	20	487		true
k100:79	1.0000	13	328		true
k100:8	1.0000	25	1090		true
k100:80	1.0000	17	303		true
k100:81	1.0000	23	2102		true
k100:82	1.0000	46	4868		true
k100:83	1.0000	19	483		true
k100:84	1.0000	17	831		true
k100:85	1.0000	20	1823		true
k100:86	1.0000	5	31		true
k100:87	1.0000	20	199		true
k100:88	1.0000	7	107		true
k100:89	1.0000	19	1759		true
k100:9	1.0000	34	2202		true
k100:90	1.0000	24	1666		true
k100:91	1.0000	5	53		true
k100:92	1.0000	15	758		true
k100:93	1.0000	19	175		true
k100:94	1.0000	14	313		true
k100:95	1.0000	12	197		true
k100:96	1.0000	7	393		true
k100:97	1.0000	18	394		true
k100:98	1.0000	8	185		true
k100:99	1.0000	11	1301		true
k10:1	1.0000	243	4350		true
k10:10	1.0000	204	5604		true
k10:2	1.0000	145	2954		true
k10:3	1.0000	204	5875		true
k10:4	1.0000	145	6477		true
k10:5	1.0000	268	7147		true
k10:6	1.0000	167	4581		true
k10:7	1.0000	97	2654		true
k10:8	1.0000	116	4963		true
k10:9	1.0000	265	8707		true
k200:1	1.0000	14	667		true
k200:10	1.0000	5	19		true
k200:100	1.0000	11	625		true
k200:101	1.0000	10	107		true
k200:102	1.0000	9	1133		true
k200:103	1.0000	8	788		true
k200:104	1.0000	4	102		true
k200:105	1.0000	13	127		true
k200:106	1.0000	18	748		true
k200:107	1.0000	10	232		true
k200:108	1.0000	3	66		true
k200:109	1.0000	20	1239		true
k200:11	1.0000	10	627		true
k200:110	1.0000	6	115		true
k200:111	1.0000	18	1355		true
k200:112	1.0000	11	82		true
k200:113	1.0000	13	475		true
k200:114	1.0000	16	671		true
k200:115	1.0000	4	83		true
k200:116	1.0000	3	1241		true
k200:117	1.0000	4	75		true
k200:118	1.0000	5	421		true
k200:119	1.0000	9	63		true
k200:12	1.0000	13	254		true
k200:120	1.0000	5	362		true
k200:121	1.0000	8	715		true
k200:122	1.0000	14	307		true
k200:123	1.0000	9	290		true
k200:124	1.0000	16	1197		true
k200:125	1.0000	19	710		true
k200:126	1.0000	9	1278		true
k200:127	1.0000	14	631		true
k200:128	1.0000	17	238		true
k200:129	1.0000	5	478		true
k200:13	1.0000	8	465		true
k200:130	1.0000	3	18		true
k200:131	1.0000	5	76		true
k200:132	1.0000	7	2072		true
k200:133	1.0000	13	1484		true
k200:134	1.0000	5	1028		true
k200:135	1.0000	9	262		true
k200:136	1.0000	4	109		true
k200:137	1.0000	9	438		true
k200:138	1.0000	13	479		true
k200:139	1.0000	15	1694		true
k200:14	1.0000	6	78		true
k200:140	1.0000	3	2		true
k200:141	1.0000	10	901		true
k200:142	1.0000	15	535		true
k200:143	1.0000	4	37		true
k200:144	1.0000	9	167		true
k200:145	1.0000	6	208		true
k200:146	1.0000	10	1574		true
k200:147	1.0000	12	345		true
k200:148	1.0000	17	718		true
k200:149	1.0000	11	141		true
k200:15	1.0000	2	20		true
k200:150	1.0000	6	55		true
k200:151	1.0000	13	420		true
k200:152	1.0000	7	37		true
k200:153	1.0000	8	185		true
k200:154	1.0000	7	38		true
k200:155	1.0000	4	14		true
k200:156	1.0000	9	443		true
k200:157	1.0000	13	328		true
k200:158	1.0000	7	108		true
k200:159	1.0000	10	205		true
k200:16	1.0000	12	528		true
k200:160	1.0000	7	173		true
k200:161	1.0000	6	1956		true
k200:162	1.0000	10	827		true
k200:163	1.0000	9	260		true
k200:164	1.0000	3	110		true
k200:165	1.0000	12	3831		true
k200:166	1.0000	11	2063		true
k200:167	1.0000	11	340		true
k200:168	1.0000	9	204		true
k200:169	1.0000	10	367		true
k200:17	1.0000	14	847		true
k200:170	1.0000	6	290		true
k200:171	1.0000	3	228		true
k200:172	1.0000	8	330		true
k200:173	1.0000	4	89		true
k200:174	1.0000	16	1766		true
k200:175	1.0000	5	31		true
k200:176	1.0000	20	199		true
k200:177	1.0000	7	107		true
k200:178	1.0000	19	1759		true
k200:179	1.0000	9	324		true
k200:18	1.0000	4	282		true
k200:180	1.0000	15	1415		true
k200:181	1.0000	5	53		true
k200:182	1.0000	7	484		true
k200:183	1.0000	8	336		true
k200:184	1.0000	4	63		true
k200:185	1.0000	5	34		true
k200:186	1.0000	6	61		true
k200:187	1.0000	4	29		true
k200:188	1.0000	14	313		true
k200:189	1.0000	5	122		true
k200:19	1.0000	7	38		true
k200:190	1.0000	7	79		true
k200:191	1.0000	7	393		true
k200:192	1.0000	4	77		true
k200:193	1.0000	4	46		true
k200:194	1.0000	10	291		true
k200:195	1.0000	8	185		true
k200:196	1.0000	4	31		true
k200:197	1.0000	7	1276		true
k200:198	1.0000	8	302		true
k200:199	1.0000	4	1967		true
k200:2	1.0000	9	139		true
k200:20	1.0000	11	759		true
k200:200	1.0000	8	170		true
k200:21	1.0000	23	1934		true
k200:22	1.0000	10	391		true
k200:23	1.0000	9	512		true
k200:24	1.0000	6	60		true
k200:25	1.0000	15	268		true
k200:26	1.0000	6	219		true
k200:27	1.0000	15	159		true
k200:28	1.0000	10	329		true
k200:29	1.0000	10	171		true
k200:3	1.0000	10	836		true
k200:30	1.0000	11	630		true
k200:31	1.0000	8	447		true
k200:32	1.0000	4	137		true
k200:33	1.0000	9	866		true
k200:34	1.0000	10	445		true
k200:35	1.0000	12	601		true
k200:36	1.0000	9	121		true
k200:37	1.0000	10	349		true
k200:38	1.0000	16	476		true
k200:39	1.0000	7	625		true
k200:4	1.0000	13	210		true
k200:40	1.0000	12	441		true
k200:41	1.0000	17	347		true
k200:42	1.0000	17	726		true
k200:43	1.0000	8	147		true
k200:44	1.0000	9	480		true
k200:45	1.0000	25	531		true
k200:46	1.0000	7	2488		true
k200:47	1.0000	6	302		true
k200:48	1.0000	8	442		true
k200:49	1.0000	15	537		true
k200:5	1.0000	6	57		true
k200:50	1.0000	9	438		true
k200:51	1.0000	7	125		true
k200:52	1.0000	5	69		true
k200:53	1.0000	10	74		true
k200:54	1.0000	4	9		true
k200:55	1.0000	10	343		true
k200:56	1.0000	5	1138		true
k200:57	1.0000	6	234		true
k200:58	1.0000	8	68		true
k200:59	1.0000	9	304		true
k200:6	1.0000	3	75		true
k200:60	1.0000	7	625		true
k200:61	1.0000	11	151		true
k200:62	1.0000	4	141		true
k200:63	1.0000	10	470		true
k200:64	1.0000	9	107		true
k200:65	1.0000	8	1403		true
k200:66	1.0000	11	542		true
k200:67	1.0000	7	869		true
k200:68	1.0000	6	2348		true
k200:69	1.0000	7	236		true
k200:7	1.0000	29	933		true
k200:70	1.0000	13	440		true
k200:71	1.0000	6	141		true
k200:72	1.0000	11	868		true
k200:73	1.0000	6	517		true
k200:74	1.0000	10	277		true
k200:75	1.0000	8	193		true
k200:76	1.0000	11	2143		true
k200:77	1.0000	12	518		true
k200:78	1.0000	6	102		true
k200:79	1.0000	7	268		true
k200:8	1.0000	12	496		true
k200:80	1.0000	9	84		true
k200:81	1.0000	12	1923		true
k200:82	1.0000	3	50		true
k200:83	1.0000	6	219		true
k200:84	1.0000	15	994		true
k200:85	1.0000	9	27		true
k200:86	1.0000	5	75		true
k200:87	1.0000	6	217		true
k200:88	1.0000	9	230		true
k200:89	1.0000	18	1317		true
k200:9	1.0000	7	477		true
k200:90	1.0000	8	412		true
k200:91	1.0000	12	2097		true
k200:92	1.0000	8	193		true
k200:93	1.0000	16	590		true
k200:94	1.0000	10	576		true
k200:95	1.0000	10	1091		true
k200:96	1.0000	4	192		true
k200:97	1.0000	6	631		true
k200:98	1.0000	17	844		true
k200:99	1.0000	5	251		true
k25:1	1.0000	84	1858		true
k25:10	1.0000	77	2921		true
k25:11	1.0000	75	2473		true
k25:12	1.0000	40	924		true
k25:13	1.0000	52	2496		true
k25:14	1.0000	44	1590		true
k25:15	1.0000	53	1834		true
k25:16	1.0000	75	4415		true
k25:17	1.0000	41	1407		true
k25:18	1.0000	45	2190		true
k25:19	1.0000	65	1093		true
k25:2	1.0000	159	3694		true
k25:20	1.0000	53	2493		true
k25:21	1.0000	102	6238		true
k25:22	1.0000	51	1950		true
k25:23	1.0000	63	2279		true
k25:24	1.0000	26	486		true
k25:25	1.0000	64	2776		true
k25:3	1.0000	145	2954		true
k25:4	1.0000	70	2205		true
k25:5	1.0000	134	4836		true
k25:6	1.0000	32	1124		true
k25:7	1.0000	113	6042		true
k25:8	1.0000	90	3329		true
k25:9	1.0000	101	3793		true
k50:1	1.0000	84	1858		true
k50:10	1.0000	19	1012		true
k50:11	1.0000	51	1354		true
k50:12	1.0000	25	531		true
k50:13	1.0000	36	3030		true
k50:14	1.0000	31	654		true
k50:15	1.0000	42	1879		true
k50:16	1.0000	32	1124		true
k50:17	1.0000	61	4865		true
k50:18	1.0000	52	3649		true
k50:19	1.0000	90	3329		true
k50:2	1.0000	19	836		true
k50:20	1.0000	47	2347		true
k50:21	1.0000	54	2520		true
k50:22	1.0000	33	1398		true
k50:23	1.0000	19	1146		true
k50:24	1.0000	25	966		true
k50:25	1.0000	75	2473		true
k50:26	1.0000	40	924		true
k50:27	1.0000	16	1582		true
k50:28	1.0000	36	1207		true
k50:29	1.0000	44	1590		true
k50:3	1.0000	36	1057		true
k50:30	1.0000	23	1278		true
k50:31	1.0000	30	722		true
k50:32	1.0000	34	3548		true
k50:33	1.0000	41	2008		true
k50:34	1.0000	13	901		true
k50:35	1.0000	28	669		true
k50:36	1.0000	45	2190		true
k50:37	1.0000	65	1093		true
k50:38	1.0000	13	328		true
k50:39	1.0000	40	2293		true
k50:4	1.0000	20	579		true
k50:40	1.0000	46	4868		true
k50:41	1.0000	19	483		true
k50:42	1.0000	37	2511		true
k50:43	1.0000	25	217		true
k50:44	1.0000	26	1814		true
k50:45	1.0000	24	1666		true
k50:46	1.0000	39	927		true
k50:47	1.0000	26	486		true
k50:48	1.0000	25	697		true
k50:49	1.0000	8	185		true
k50:5	1.0000	84	3106		true
k50:50	1.0000	31	2424		true
k50:6	1.0000	36	488		true
k50:7	1.0000	52	1828		true
k50:8	1.0000	22	765		true
k50:9	1.0000	35	741		true
